Material_Type,Material_Name,C10_library_LSE,C11_library_LSE,C12_library_LSE,C13_library_LSE,C14_library_LSE,OE_retrieved_LST,C10_OE_retrieved_LSE,C11_OE_retrieved_LSE,C12_OE_retrieved_LSE,C13_OE_retrieved_LSE,C14_OE_retrieved_LSE,OE_retrieved_LST_uncertainty,C10_OE_retrieved_LSE_uncertainty,C11_OE_retrieved_LSE_uncertainty,C12_OE_retrieved_LSE_uncertainty,C13_OE_retrieved_LSE_uncertainty,C14_OE_retrieved_LSE_uncertainty
Hgh_emiss,Pinus lambertiana 3,0.983935858,0.980037498,0.980037498,0.978718972,0.980389753,305.3504,0.98201793,0.9790412,0.9789716,0.9770165,0.98036367,1.4146515,0.031894032,0.02897583,0.027153188,0.022116713,0.02188078
Hgh_emiss,Baccharis pilularis 2,0.982444417,0.981051752,0.981051752,0.980736022,0.982211857,305.39154,0.9810585,0.9790002,0.9789674,0.97822136,0.9812803,1.4146515,0.031882416,0.02897583,0.027153188,0.022141479,0.02190028
Hgh_emiss,Arctostaphylos glandulosa 1,0.986853247,0.984846648,0.984846648,0.985335275,0.985992204,305.55298,0.9811688,0.97933865,0.97931796,0.9793085,0.98226535,1.4146515,0.031858485,0.02897583,0.027153188,0.022151748,0.021900874
Hgh_emiss,Baccharis pilularis 3,0.980881556,0.980692439,0.980692439,0.979832363,0.981188785,305.33914,0.98148173,0.9799656,0.9797063,0.97834986,0.98120314,1.4146515,0.031894032,0.02897583,0.027153188,0.022133045,0.021895707
Hgh_emiss,Umbellularia californica 2,0.983951934,0.983176176,0.983176176,0.980160161,0.981002412,305.35727,0.9833638,0.9819237,0.98177314,0.9784824,0.9811978,1.4146515,0.03189678,0.02897583,0.027153188,0.022130992,0.021885553
Hgh_emiss,Baccharis pilularis 1,0.983066825,0.982292138,0.982292138,0.982083552,0.983295111,305.4278,0.9810783,0.97935265,0.97929883,0.9787569,0.98171693,1.4146515,0.031894032,0.02897196,0.027150305,0.022150904,0.021899201
Hgh_emiss,Baccharis pilularis 1,0.981594694,0.980975262,0.980975262,0.980761539,0.982272298,305.3846,0.9809504,0.9789936,0.97883064,0.978425,0.9813605,1.4146515,0.031881016,0.02897583,0.027153188,0.02213894,0.021893552
Hgh_emiss,Umbellularia californica 1,0.982067309,0.98190005,0.98190005,0.980855673,0.983134913,305.40094,0.98114717,0.9793678,0.97933906,0.9785296,0.9814818,1.4146515,0.031894032,0.028975504,0.027153188,0.02214942,0.021898422
Hgh_emiss,Leaf of Cypress,0.990393317,0.990087302,0.988655601,0.98854078,0.988727427,305.6822,0.9822524,0.9815665,0.98120093,0.98089564,0.98367697,1.4228423,0.03181788,0.02896045,0.027125921,0.022148272,0.021905737
Hgh_emiss,Leaf of Pine (New),0.985554632,0.983530971,0.981462276,0.980378605,0.980646555,305.38144,0.9830847,0.9807375,0.98026687,0.97779053,0.9808322,1.4146515,0.031894032,0.02897583,0.027153188,0.02213052,0.021882067
Hgh_emiss,Leaf of Green Spruce from Canada,0.992317173,0.991440807,0.991370442,0.991036455,0.990863247,305.7648,0.98251843,0.9818092,0.9817548,0.98277366,0.98462176,1.4233631,0.031802967,0.02897583,0.027153188,0.022160348,0.021922724
Med_emiss,Adenostoma fasciculatum 1,0.979405192,0.977999495,0.977999495,0.977898208,0.978455015,305.627,0.9738904,0.9712504,0.9710866,0.97235435,0.9732566,1.4226339,0.031805668,0.028889662,0.027059529,0.022135068,0.021870986
Med_emiss,Abies concolor 3,0.972004326,0.968692436,0.968692436,0.969348574,0.968928333,305.2496,0.9733138,0.969712,0.9696515,0.9695842,0.97087216,1.417903,0.03184583,0.028889945,0.027059529,0.022131145,0.021864025
Med_emiss,Pinus ponderosa 2,0.974991667,0.971843879,0.971843879,0.973261174,0.974073649,305.42877,0.9724132,0.9691306,0.9690761,0.97046894,0.97184384,1.417903,0.03184583,0.028889945,0.027059529,0.022135068,0.021864025
Med_emiss,Abies concolor 2,0.975894799,0.974653596,0.974653596,0.974908696,0.974967675,305.45856,0.9735126,0.97087085,0.9708443,0.9716226,0.9725671,1.417903,0.031840123,0.028889945,0.027059529,0.022135068,0.021864025
Med_emiss,Pinus lambertiana 2,0.978412004,0.97381207,0.97381207,0.973976963,0.974296833,305.46948,0.97383803,0.97026503,0.97019637,0.9704448,0.97181123,1.417903,0.03184583,0.028889945,0.027059529,0.022135068,0.021864025
Med_emiss,Pinus ponderosa 3,0.979817758,0.977295034,0.977295034,0.976635739,0.976659692,305.58472,0.9745147,0.97184855,0.9716755,0.9718391,0.97259295,1.4220511,0.031833418,0.028872034,0.027042609,0.022124548,0.021866897
Med_emiss,Arctostaphylos glandulosa 1,0.971677379,0.968661994,0.968661994,0.96813545,0.967728602,305.20413,0.97413725,0.970498,0.9704354,0.9694417,0.97063047,1.417903,0.03184849,0.028889945,0.027059529,0.022135068,0.021864025
Med_emiss,Pinus ponderosa 1,0.968582303,0.965272654,0.965272654,0.965969142,0.965428278,305.11243,0.9738091,0.9693193,0.96924216,0.9684565,0.9700595,1.417903,0.03187234,0.028889945,0.027048685,0.022099955,0.021846736
Med_emiss,Pinus lambertiana 1,0.975733684,0.970892437,0.970892437,0.971455664,0.972000205,305.37347,0.97330004,0.9694932,0.9694113,0.969665,0.9711527,1.417903,0.03184583,0.028889945,0.027059529,0.022135068,0.021864025
Med_emiss,Abies concolor 1,0.97347361,0.97008816,0.97008816,0.970535748,0.970236869,305.30365,0.973538,0.96988654,0.96982074,0.96994966,0.97114694,1.417903,0.03184583,0.028889945,0.027059529,0.022135068,0.021864025
Med_emiss,Arctostaphylos glandulosa 3,0.969474107,0.96575145,0.96575145,0.96686972,0.967813164,305.1877,0.9722994,0.96828556,0.968199,0.96860695,0.9701743,1.417903,0.03184583,0.028889945,0.027059529,0.022135068,0.021864025
Med_emiss,Pinus ponderosa 2,0.973140185,0.969564913,0.969564913,0.971121557,0.972729302,305.36795,0.9719548,0.9681625,0.96808624,0.9696951,0.9712615,1.417903,0.031815857,0.028889945,0.027059529,0.022126894,0.021864025
Med_emiss,Pinus ponderosa 1,0.979279875,0.976636078,0.976636078,0.975157632,0.975374987,305.4947,0.97500044,0.9721566,0.9721166,0.97152203,0.9724216,1.417903,0.03184583,0.028889945,0.027059529,0.022135068,0.021864025
Med_emiss,Pinus ponderosa 3,0.970703586,0.967555383,0.967555383,0.966373151,0.965062606,305.12265,0.97495204,0.97163534,0.9716171,0.9691313,0.9701507,1.417903,0.03190852,0.028889945,0.027059529,0.022135068,0.021864025
Med_emiss,Pinus lambertiana 2,0.977939161,0.974102253,0.974102253,0.974260639,0.974884853,305.47632,0.97370714,0.9702618,0.97020215,0.9707176,0.97203445,1.417903,0.03184583,0.028889945,0.027059529,0.022135068,0.02186997
Med_emiss,Baccharis pilularis 2,0.9694367,0.970247807,0.970247807,0.967930541,0.970616783,305.22778,0.9737266,0.97114915,0.9709185,0.97034395,0.97125214,1.417903,0.03184583,0.028889945,0.027059529,0.022135068,0.021864025
Med_emiss,Adenostoma fasciculatum 2,0.975450813,0.9725128,0.9725128,0.973647258,0.97441719,305.43777,0.97267336,0.9696285,0.9695772,0.9707859,0.9720091,1.417903,0.031839993,0.028889945,0.027059529,0.022135068,0.021864025
Med_emiss,Baccharis pilularis 3,0.977014598,0.974897592,0.974897592,0.975489388,0.977277925,305.53247,0.9726255,0.96973985,0.96969265,0.9714419,0.97260875,1.417903,0.031810146,0.028889945,0.027059529,0.022135068,0.021867417
Med_emiss,Adenostoma fasciculatum 3,0.975558755,0.971606121,0.971606121,0.972783479,0.973916845,305.4247,0.97248363,0.969019,0.9689551,0.9701714,0.97164184,1.417903,0.031840242,0.028889945,0.027058816,0.022135068,0.021864025
Med_emiss,Umbellularia californica 2,0.969952807,0.969919808,0.969919808,0.968361427,0.970755821,305.24893,0.9733624,0.9704466,0.9703933,0.97013104,0.971186,1.417903,0.03184583,0.028889945,0.027059529,0.022135068,0.021864025
Med_emiss,Ceanothus megacarpus 1,0.979691314,0.97947349,0.97947349,0.978564153,0.980632943,305.69092,0.97364587,0.97149765,0.971325,0.9729204,0.97341406,1.4250194,0.0317909,0.028896393,0.027068185,0.022139776,0.021887546
Med_emiss,Baccharis pilularis 3,0.976286861,0.976304043,0.976304043,0.973298643,0.975088702,305.436,0.97515625,0.9730968,0.9728635,0.97170043,0.9724588,1.417903,0.03184583,0.028889945,0.027059529,0.022135068,0.021864025
Med_emiss,Adenostoma fasciculatum 1,0.978334062,0.975676857,0.975676857,0.975820779,0.977465258,305.54187,0.9731314,0.97031015,0.9702723,0.97141236,0.9726094,1.417903,0.03183125,0.028889945,0.027059529,0.022135068,0.021868678
Med_emiss,Pinus lambertiana 1,0.974349254,0.969628744,0.969628744,0.97064252,0.972163352,305.35898,0.9724699,0.9686387,0.96854967,0.9693739,0.971015,1.417903,0.031842805,0.028863644,0.027028596,0.022128085,0.021864025
Med_emiss,Abies concolor 1,0.975062604,0.971994349,0.971994349,0.973120854,0.973130702,305.4084,0.9729551,0.9696405,0.9695841,0.9706405,0.97184616,1.417903,0.03184583,0.028889945,0.027059529,0.022135068,0.021864025
Med_emiss,Arctostaphylos glandulosa 1,0.970377463,0.967844221,0.967844221,0.96800331,0.968931552,305.22223,0.9730539,0.96938324,0.96930665,0.96932817,0.97069526,1.417903,0.03184583,0.028889945,0.027059529,0.022135068,0.021864025
Med_emiss,Pinus ponderosa 1,0.973757731,0.970861186,0.970861186,0.970419042,0.968801454,305.2685,0.974685,0.9717227,0.97172236,0.9701821,0.97117007,1.417903,0.031863905,0.02889633,0.027059529,0.022135068,0.021864025
Med_emiss,Arctostaphylos glandulosa 1,0.972030791,0.96952216,0.96952216,0.969460684,0.971199234,305.2983,0.9729005,0.9693254,0.9692545,0.96968,0.9710399,1.417903,0.03184583,0.028889945,0.027059529,0.022135068,0.021864025
Med_emiss,Arctostaphylos glandulosa 3,0.968899216,0.967591867,0.967591867,0.966987841,0.967625685,305.1632,0.9735681,0.970332,0.9700729,0.96951,0.9706382,1.417903,0.031849004,0.028889945,0.027059529,0.022135068,0.021864025
Med_emiss,Abies concolor 3,0.969314877,0.965757947,0.965757947,0.966242572,0.967187008,305.1603,0.97273123,0.96875334,0.96866864,0.968565,0.97008216,1.417903,0.03184583,0.028889945,0.027059529,0.022123389,0.021864025
Med_emiss,Pinus ponderosa 3,0.970619198,0.968755982,0.968755982,0.968553222,0.967663919,305.20016,0.9739382,0.9710174,0.97068226,0.96989864,0.97086436,1.417903,0.03184583,0.028889945,0.027059529,0.022135068,0.021864025
Med_emiss,Arctostaphylos glandulosa 3,0.970942745,0.969797941,0.969797941,0.97077286,0.970367633,305.28235,0.97287965,0.9703371,0.97006077,0.9705166,0.97158295,1.417903,0.03184583,0.028889945,0.027059529,0.022135068,0.021864025
Med_emiss,Pinus lambertiana 3,0.979657989,0.97520186,0.97520186,0.975587004,0.976057987,305.5304,0.9736707,0.97038347,0.97032255,0.9708996,0.9722276,1.417903,0.03184583,0.028889945,0.027059529,0.022135068,0.021864025
Med_emiss,Pinus ponderosa 2,0.974024438,0.968524235,0.968524235,0.971364316,0.972665664,305.38168,0.9713006,0.967267,0.9671715,0.96923256,0.9710295,1.417903,0.031808645,0.02887463,0.027049365,0.022134561,0.021864025
Med_emiss,Abies concolor 2,0.973071675,0.969968379,0.969968379,0.970278631,0.970880107,305.30865,0.9731959,0.9697096,0.9696397,0.9698037,0.9711242,1.417903,0.03184583,0.028889945,0.027059529,0.022135068,0.021864025
Med_emiss,Abies concolor 3,0.975437372,0.972431036,0.972431036,0.972899325,0.972855374,305.3969,0.9735184,0.97021013,0.97016007,0.97068185,0.9717989,1.417903,0.03184583,0.028889945,0.027059529,0.022135068,0.021864025
Med_emiss,Pinus lambertiana 1,0.971359044,0.965138884,0.965138884,0.966722653,0.966857693,305.18805,0.9726558,0.9679155,0.9678015,0.96797186,0.9697572,1.417903,0.03184583,0.028879609,0.027043426,0.022106402,0.021859903
Med_emiss,Pinus lambertiana 2,0.97214133,0.970650215,0.970650215,0.967507519,0.970071568,305.24005,0.97476953,0.9712813,0.97121185,0.9696934,0.9707909,1.417903,0.03187128,0.02889535,0.027059529,0.022129072,0.021864025
Med_emiss,Pinus strobus,0.973517876,0.969577052,0.969577052,0.968300326,0.970808367,305.29193,0.97364354,0.96963257,0.96952707,0.9690686,0.9705681,1.417903,0.03184583,0.028889945,0.027059529,0.022135068,0.021864025
Med_emiss,Tsuga canadensis,0.974964067,0.971211028,0.971211028,0.967474939,0.966639007,305.1923,0.9769248,0.9734471,0.9730551,0.96931666,0.9703293,1.417903,0.031914398,0.02892372,0.02708794,0.022114921,0.021854872
Med_emiss,Rubus occidentalis,0.972895758,0.973589853,0.973589853,0.97472629,0.980923506,305.56192,0.9688853,0.967604,0.9675688,0.9715617,0.972936,1.417903,0.0317505,0.02887979,0.027059529,0.022135068,0.021881841
Med_emiss,Tsuga canadensis,0.977629999,0.971176993,0.971176993,0.972041294,0.97375577,305.44138,0.9728701,0.96856827,0.96846056,0.96928173,0.9710614,1.417903,0.031841215,0.028889945,0.027059529,0.022127995,0.021864025
Med_emiss,Bromus diandrus,0.977426093,0.969735959,0.969735959,0.967944346,0.970559472,305.32434,0.97445637,0.96946186,0.9693157,0.9680176,0.969801,1.417903,0.03185175,0.028889945,0.027059529,0.022110716,0.021854628
Med_emiss,Laurel leaf,0.975997183,0.97476934,0.976434678,0.972584473,0.971037902,305.3286,0.97662085,0.97463936,0.97472245,0.9717491,0.97218543,1.417903,0.031870134,0.028923854,0.027087137,0.022135068,0.021864025
Med_emiss,Leaf of Laurel (Fresh),0.975903755,0.973138946,0.973856555,0.970581066,0.971187326,305.32693,0.975772,0.9724416,0.9723892,0.9704299,0.97139543,1.417903,0.03189421,0.028897297,0.027059529,0.022135068,0.021864025
Med_emiss,Leaf of Oak (Face),0.975193204,0.970819057,0.969997818,0.96957663,0.971308337,305.3308,0.97376025,0.9696983,0.96957356,0.96920055,0.9707345,1.417903,0.03184583,0.028887762,0.027050143,0.022110026,0.021859808
Med_emiss, Leaf of Brazilian Peppertree (schinus terebinthifdias),0.972679621,0.971413761,0.9684226,0.970648864,0.970874494,305.31506,0.97277504,0.96939296,0.9692419,0.969833,0.97121036,1.417903,0.03184583,0.028889945,0.027057692,0.022128133,0.021864025
Low_emiss,Baccharis pilularis 3,0.956799237,0.951534801,0.951534801,0.952582569,0.952405816,306.10364,0.93922603,0.93681103,0.93668807,0.9391557,0.94074494,1.4381126,0.031642914,0.028615225,0.026754968,0.022031398,0.021753693
Low_emiss,Adenostoma fasciculatum 3,0.956178532,0.952021641,0.952021641,0.953994749,0.953929454,306.13687,0.9381502,0.9364213,0.93640804,0.94011694,0.941494,1.4374702,0.031613365,0.028624576,0.026774222,0.022047903,0.02177393
Low_emiss,Ceanothus megacarpus 1,0.906021463,0.896716097,0.896716097,0.89668371,0.897278895,303.88345,0.93930656,0.9262338,0.9251891,0.9180006,0.9229108,1.3905568,0.03200074,0.028594462,0.026698623,0.021888971,0.021626782
Low_emiss,Umbellularia californica 3,0.962434587,0.955066662,0.955066662,0.95721923,0.955565669,306.26385,0.93977225,0.9364208,0.9363504,0.94002134,0.94174606,1.4415255,0.031628493,0.02861932,0.026759557,0.022029033,0.021763662
Low_emiss,Baccharis pilularis 2,0.940883845,0.941995899,0.941995899,0.930588503,0.93143805,305.12524,0.94779664,0.9447863,0.9447225,0.93476224,0.9355718,1.4186676,0.031968288,0.028790811,0.026892379,0.021984713,0.021704262
Low_emiss,Heteromeles arbutifolia 2,0.952861448,0.944023353,0.944023353,0.940736872,0.938315056,305.5495,0.9445899,0.93979025,0.93962485,0.93455064,0.9365541,1.4186676,0.03185624,0.028687973,0.026809586,0.02198618,0.021704262
Low_emiss,Ceanothus spinosus 3,0.922391094,0.938781273,0.938781273,0.941739625,0.948994174,305.4477,0.9275345,0.9356636,0.93558526,0.9438218,0.94269663,1.4262829,0.03151806,0.0285906,0.02673143,0.022120655,0.021830287
Low_emiss,Ceanothus spinosus 2,0.951739297,0.951513304,0.951513304,0.958646412,0.963289726,306.43155,0.928763,0.9300058,0.9300161,0.9415619,0.94330823,1.4440495,0.031419814,0.028495943,0.026641414,0.022081638,0.021819964
Low_emiss,Ceanothus megacarpus 3,0.901863847,0.895563553,0.895563553,0.897536104,0.900533473,303.94946,0.934833,0.9235368,0.92254454,0.91889966,0.9238076,1.3941592,0.031915206,0.028557189,0.026664406,0.021915575,0.021654077
Low_emiss,Baccharis pilularis 1,0.93189006,0.925079414,0.925079414,0.925478464,0.926700722,305.06436,0.9385154,0.93121606,0.9308849,0.9287862,0.9321384,1.4152386,0.031834695,0.028602343,0.026715683,0.02197698,0.021693919
Low_emiss,Arctostaphylos glandulosa 2,0.904977491,0.903813974,0.903813974,0.892849398,0.89413877,303.57254,0.9482197,0.93927425,0.9382309,0.9211746,0.9235063,1.3852488,0.032205116,0.028799728,0.026886458,0.02191022,0.02161771
Low_emiss,Arctostaphylos glandulosa 3,0.960663,0.963005706,0.963005706,0.949954169,0.949256837,305.8077,0.95175385,0.9530524,0.952944,0.94270533,0.94143105,1.4324216,0.031912167,0.028851088,0.026962494,0.02204739,0.021725675
Low_emiss,Ceanothus spinosus 2,0.943797048,0.945501456,0.945501456,0.952971559,0.957288896,306.12753,0.92837685,0.9294077,0.92935294,0.9410364,0.9424744,1.4370495,0.031445228,0.028484214,0.026626598,0.022081172,0.02181204
Low_emiss,Arctostaphylos glandulosa 1,0.948104439,0.948237523,0.948237523,0.942599115,0.941735462,305.5382,0.9446892,0.9432848,0.943213,0.93843937,0.939146,1.4288057,0.031841177,0.028718812,0.02684934,0.022019468,0.02172532
Low_emiss,Ceanothus megacarpus 3,0.843360039,0.841902232,0.841902232,0.846000119,0.849866671,301.65747,0.92985225,0.9134174,0.9118094,0.90297997,0.90940756,1.3481479,0.032146007,0.028506739,0.026570685,0.021820325,0.021575447
Low_emiss,Ceanothus megacarpus 2,0.961962662,0.955571639,0.955571639,0.955107761,0.954064263,306.19614,0.9415622,0.93888587,0.93884516,0.93970716,0.9411798,1.4386694,0.031676162,0.02864777,0.026799828,0.022033129,0.021746242
Low_emiss,Heteromeles arbutifolia 1,0.953354285,0.947668425,0.947668425,0.948739726,0.947488605,305.9092,0.9401482,0.9367073,0.9365415,0.9380606,0.9396959,1.4329922,0.031679243,0.028652126,0.026788382,0.02203128,0.021747775
Low_emiss,Umbellularia californica 1,0.960175417,0.95015089,0.95015089,0.950096347,0.946997004,305.98883,0.94362485,0.93779457,0.9376406,0.93681693,0.938957,1.4349393,0.031737246,0.028643418,0.026783446,0.021995673,0.021720016
Low_emiss,Ceanothus megacarpus 2,0.93909774,0.933617062,0.933617062,0.935157536,0.935540827,305.33105,0.9386767,0.9341334,0.93396467,0.9331787,0.935659,1.4186676,0.031763945,0.028627887,0.026749177,0.021993387,0.02172119
Low_emiss,Heteromeles arbutifolia 2,0.951748925,0.945224047,0.945224047,0.94739544,0.948227633,305.96603,0.93744016,0.9333545,0.9331517,0.9363117,0.9387427,1.4327576,0.03167165,0.028584447,0.02672763,0.022022372,0.021746788
Low_emiss,Umbellularia californica 1,0.953873551,0.942625366,0.942625366,0.940107935,0.933463575,305.44333,0.94609797,0.9412169,0.9409671,0.93400973,0.93595994,1.4186676,0.03188029,0.028701624,0.026815956,0.021981804,0.021704262
Low_emiss,Adenostoma fasciculatum 1,0.872590549,0.868691495,0.868691495,0.872525604,0.873115392,302.72076,0.9340255,0.92040616,0.9192305,0.9121551,0.9172937,1.3694214,0.03204563,0.028555026,0.026640337,0.021867836,0.021614274
Low_emiss,Arctostaphylos glandulosa 1,0.874700942,0.874627555,0.874627555,0.867964863,0.868215025,302.43494,0.9442997,0.93200123,0.93076146,0.9129937,0.9164336,1.3629999,0.03226991,0.028744996,0.026817465,0.021877473,0.021589348
Low_emiss,Ceanothus spinosus 1,0.925173962,0.922369716,0.922369716,0.929817601,0.930597653,305.13968,0.9314555,0.9272336,0.92702216,0.93193746,0.9348113,1.4170487,0.031669587,0.028512575,0.026644984,0.022005934,0.02174041
Low_emiss,Baccharis pilularis 2,0.913623484,0.904852491,0.904852491,0.910421101,0.911043427,304.44833,0.93399256,0.9229943,0.92216086,0.9226409,0.92742574,1.4047263,0.031826433,0.028516924,0.026629455,0.021935683,0.021673124
Low_emiss,Umbellularia californica 3,0.920180841,0.913851604,0.913851604,0.914037015,0.914030158,304.5341,0.9393492,0.9307431,0.9301062,0.92559534,0.9290388,1.4060721,0.031892657,0.028628891,0.026738826,0.021948935,0.021672925
Low_emiss,Umbellularia californica 2,0.948541042,0.935443649,0.935443649,0.937005926,0.943693256,305.64734,0.93602836,0.9296458,0.92971253,0.9312863,0.9348589,1.4186676,0.031713113,0.028535292,0.026672194,0.021982389,0.021710621
Low_emiss,Heteromeles arbutifolia 1,0.952805425,0.945922996,0.945922996,0.948166848,0.949835514,306.029,0.93685555,0.9327693,0.9325492,0.93614733,0.93877375,1.4354038,0.031639587,0.028589906,0.026725408,0.022011083,0.021745834
Low_emiss,Ceanothus spinosus 1,0.924833954,0.924471008,0.924471008,0.930680044,0.933175377,305.1825,0.9308171,0.92804337,0.9278694,0.93293846,0.9355722,1.4186676,0.031653486,0.028556116,0.026695963,0.022009954,0.021743024
Low_emiss,Baccharis pilularis 3,0.917721224,0.913060182,0.913060182,0.914156002,0.915745751,304.55725,0.9370207,0.9293085,0.9285369,0.9261337,0.92957574,1.4057919,0.03185624,0.028587006,0.026703224,0.021965813,0.021684274
Low_emiss,Adenostoma fasciculatum 2,0.90320276,0.902684843,0.902684843,0.902586614,0.903578092,303.9515,0.93762594,0.93063086,0.92991906,0.9244185,0.92719877,1.3929322,0.031934433,0.02862375,0.026729453,0.021947123,0.02166577
Low_emiss,Heteromeles arbutifolia 3,0.953460051,0.947526763,0.947526763,0.949766063,0.951329537,306.06766,0.9366443,0.93353766,0.9333744,0.9374212,0.9396743,1.4365152,0.031616777,0.02858646,0.026738897,0.022035766,0.021757966
Low_emiss,Heteromeles arbutifolia 3,0.93615414,0.937618117,0.937618117,0.933572197,0.933337886,305.18634,0.942401,0.9400569,0.94001883,0.9351131,0.93635195,1.4186676,0.03185624,0.028689543,0.026809586,0.021989422,0.021712208
Low_emiss,Baccharis pilularis 2,0.946248113,0.940771645,0.940771645,0.943648818,0.943998083,305.7548,0.9380993,0.93300414,0.93273586,0.93546104,0.9380812,1.4320302,0.03164311,0.0286074,0.026747515,0.022018548,0.021740535
Low_emiss,Ceanothus megacarpus 1,0.943227421,0.937446814,0.937446814,0.940690247,0.942696006,305.59073,0.9368887,0.9330688,0.93291134,0.9343972,0.93711936,1.4186676,0.03168614,0.02858915,0.026716763,0.022012379,0.021740196
Low_emiss,Adenostoma fasciculatum 3,0.939756011,0.93598261,0.93598261,0.937033324,0.938135555,305.4058,0.9387005,0.9348014,0.9346496,0.93416524,0.9364288,1.4186676,0.031750083,0.028649129,0.026785249,0.022004856,0.021725226
Low_emiss,Ceanothus spinosus 3,0.935751767,0.938197639,0.938197639,0.941056214,0.943538335,305.51495,0.93539184,0.9342346,0.9341794,0.9366427,0.93849,1.4186676,0.031671826,0.028616995,0.026749719,0.022047808,0.021760043
Low_emiss,Baccharis pilularis 1,0.932252283,0.922859672,0.922859672,0.92700747,0.927147743,305.148,0.9361511,0.9279123,0.92755663,0.9282696,0.93221134,1.4154177,0.03177303,0.028541563,0.026660226,0.021981804,0.021704262
Low_emiss,Abies concolor 1,0.963837691,0.960941768,0.960941768,0.962351618,0.962310983,306.44934,0.9385129,0.9387034,0.9387618,0.94338167,0.944142,1.4433172,0.03156765,0.028634332,0.026780985,0.022053871,0.021781217
Low_emiss,Abies concolor 2,0.950344223,0.946256309,0.946256309,0.947625452,0.948844652,305.92215,0.93747836,0.9344561,0.9342685,0.9376315,0.93953204,1.4329953,0.031649023,0.02862378,0.02675042,0.022029655,0.021751996
Low_emiss,Quercus douglasii 2,0.95225642,0.952302474,0.952302474,0.938471262,0.941287475,305.5382,0.9494378,0.947086,0.9470343,0.93679124,0.93728787,1.4211217,0.031960294,0.028813843,0.0269274,0.021992976,0.021702915
Low_emiss,Quercus douglasii 3,0.950867496,0.951073165,0.951073165,0.935131961,0.936351946,305.329,0.95305425,0.9499825,0.9497389,0.93612933,0.936396,1.4186676,0.03205446,0.028858624,0.026962908,0.021990754,0.021678261
Low_emiss,Quercus agrifolia 3,0.932605299,0.930770821,0.930770821,0.932470957,0.933009512,305.17932,0.9378009,0.93397754,0.93384224,0.9338564,0.9357745,1.4186676,0.031770963,0.028639179,0.026775869,0.02199786,0.021728102
Low_emiss,Quercus lobata 1,0.957815255,0.956508865,0.956508865,0.934416537,0.935658145,305.33215,0.95937645,0.95629025,0.95594066,0.9355164,0.9352398,1.4204407,0.032179285,0.028975047,0.027086988,0.021970525,0.021651193
Low_emiss,Quercus agrifolia 2,0.958560307,0.955492352,0.955492352,0.955015867,0.955887013,306.194,0.9394003,0.93814284,0.93811285,0.94081676,0.9418679,1.438444,0.03166004,0.028657177,0.026803067,0.02205754,0.021767823
Low_emiss,Quercus agrifolia 1,0.94959281,0.945179063,0.945179063,0.946238581,0.947078288,305.85287,0.938156,0.9349399,0.93475163,0.9368942,0.93899256,1.4327245,0.03167995,0.02860439,0.026737776,0.022011872,0.021746287
Low_emiss,Quercus agrifolia 1,0.947776144,0.94344898,0.94344898,0.946812867,0.94768562,305.8853,0.93608415,0.9329226,0.93271106,0.93720436,0.93925935,1.4316287,0.031609964,0.028565653,0.026701769,0.022025703,0.021753611
Low_emiss,Quercus agrifolia 3,0.95784048,0.955294095,0.955294095,0.957208786,0.958108222,306.27243,0.9369047,0.93636376,0.93631357,0.9414155,0.94261867,1.4415325,0.031573188,0.028611636,0.02674576,0.02205527,0.021776548
Low_emiss,Quercus agrifolia 2,0.919256843,0.914159035,0.914159035,0.917996716,0.92035637,304.76624,0.9337478,0.9261249,0.9254375,0.9266623,0.9304496,1.4098792,0.031784877,0.028546887,0.026654394,0.021960873,0.021697477
Low_emiss,Salvia leucophylla 2,0.934780819,0.945744517,0.945744517,0.909563923,0.908553182,303.9342,0.97327846,0.9734992,0.97305316,0.9347796,0.9309529,1.3970767,0.032583307,0.029270915,0.027361901,0.021951193,0.021591198
Low_emiss,Salvia leucophylla 3,0.927054027,0.934368135,0.934368135,0.911144715,0.911504496,304.1162,0.9600778,0.9584937,0.9578052,0.9324812,0.93088764,1.4003386,0.032329436,0.02904206,0.027142733,0.021959515,0.021629548
Low_emiss,Salvia leucophylla 2,0.932406876,0.938898975,0.938898975,0.92156446,0.922282402,304.59473,0.9538978,0.95247644,0.95208174,0.9352653,0.93402654,1.4103131,0.03213287,0.028950807,0.027053848,0.021987151,0.021670645
Low_emiss,Quercus lobata 3,0.945868145,0.94387226,0.94387226,0.927070583,0.927718447,305.0378,0.95238805,0.94817984,0.94806856,0.9332845,0.93417853,1.4186676,0.032109804,0.028845578,0.026945155,0.021981804,0.02168616
Low_emiss,Quercus lobata 1,0.952445467,0.949651961,0.949651961,0.930575989,0.930923343,305.17905,0.9572323,0.9517306,0.9514202,0.9341138,0.9347888,1.4200579,0.03214256,0.02893326,0.02705121,0.021970455,0.021652358
Low_emiss,Quercus lobata 2,0.961104023,0.962782945,0.962782945,0.949172883,0.953392425,305.98077,0.94850504,0.9490193,0.9488475,0.9407989,0.9404991,1.4347426,0.031864733,0.028809994,0.026937017,0.022043549,0.021724325
Low_emiss,Salvia leucophylla 1,0.942426525,0.955851951,0.955851951,0.915381593,0.913059196,304.07425,0.9780102,0.9805927,0.9803535,0.9386343,0.9333132,1.4002855,0.032637026,0.029350748,0.027441647,0.021952322,0.021589514
Low_emiss,Quercus lobata 2,0.955571154,0.960357033,0.960357033,0.941478608,0.945187395,305.58896,0.9533969,0.9544509,0.95418936,0.9400016,0.9388403,1.428574,0.032007765,0.028908165,0.0270367,0.022017453,0.021703202
Low_emiss,Salvia leucophylla 1,0.944161025,0.950375533,0.950375533,0.928439858,0.929684524,305.02374,0.9551928,0.9537365,0.953531,0.93634105,0.9359144,1.4186676,0.03216375,0.028953997,0.02705688,0.021999633,0.021682616
Low_emiss,Heteromeles arbutifolia 2,0.945201578,0.940558233,0.940558233,0.940978898,0.942892186,305.59607,0.9391655,0.9354924,0.93535525,0.93506706,0.93735975,1.4186676,0.03172621,0.028643679,0.026785195,0.022013547,0.021735597
Low_emiss,Ceanothus spinosus 1,0.930669123,0.927267733,0.927267733,0.935389365,0.936731267,305.4077,0.9306012,0.9264652,0.9261023,0.93357384,0.9364119,1.4215736,0.031582307,0.028471278,0.02660785,0.022016166,0.021756615
Low_emiss,Ceanothus spinosus 1,0.955983251,0.950670798,0.950670798,0.958523634,0.959245733,306.37378,0.9319961,0.9303539,0.9303175,0.94025415,0.9425714,1.44583,0.03147017,0.028502077,0.026650509,0.022070458,0.021797616
Low_emiss,Baccharis pilularis 2,0.951799755,0.949519739,0.949519739,0.938511374,0.939913633,305.52362,0.94843024,0.9450627,0.94499063,0.9359763,0.9368562,1.4255165,0.031918876,0.028780105,0.026885584,0.022002628,0.021704262
Low_emiss,Ceanothus megacarpus 1,0.94792586,0.941460591,0.941460591,0.942386612,0.942806765,305.64038,0.9397791,0.9357137,0.9355571,0.9350857,0.9374186,1.4186676,0.031724434,0.028668294,0.026804764,0.022000672,0.021723501
Low_emiss,Heteromeles arbutifolia 2,0.946715587,0.934472172,0.934472172,0.934149887,0.928179343,305.2272,0.94380224,0.93757975,0.93736935,0.9316376,0.9341997,1.4186676,0.031866472,0.028687973,0.026809586,0.021981804,0.021701373
Low_emiss,Arctostaphylos glandulosa 2,0.945663028,0.945423998,0.945423998,0.940544785,0.941735396,305.5288,0.94308573,0.940918,0.9408829,0.9365999,0.93795264,1.4186676,0.031836975,0.02869167,0.02681374,0.022032445,0.021731459
Low_emiss,Arctostaphylos glandulosa 2,0.927182369,0.92563645,0.92563645,0.92742174,0.927336254,304.97955,0.9374623,0.9336791,0.93346447,0.9325557,0.9344813,1.4129845,0.03180399,0.028605139,0.026716813,0.021985434,0.021709625
Low_emiss,Baccharis pilularis 1,0.963218266,0.961037499,0.961037499,0.947795381,0.9506909,305.96954,0.9497302,0.9480716,0.9478684,0.93881816,0.9392034,1.4346052,0.03189173,0.028806116,0.026935454,0.022016037,0.021712469
Low_emiss,Ceanothus spinosus 2,0.937163844,0.93825623,0.93825623,0.94255502,0.948116432,305.7744,0.9314853,0.9294585,0.9291824,0.9364087,0.9387526,1.4280324,0.03154997,0.028519161,0.026661541,0.02204978,0.021784086
Low_emiss,Ceanothus megacarpus 3,0.950635893,0.943589497,0.943589497,0.94418939,0.943289977,305.76538,0.94074404,0.93558127,0.9352979,0.9355125,0.9377717,1.4292762,0.03171589,0.028618978,0.026757112,0.022004684,0.02173046
Low_emiss,Ceanothus spinosus 3,0.936144026,0.939362072,0.939362072,0.945998686,0.950089131,305.79413,0.9290366,0.9300322,0.9298573,0.93941134,0.9407747,1.4301909,0.031495094,0.028503839,0.026647303,0.022070663,0.02179681
Low_emiss,Heteromeles arbutifolia 3,0.952569801,0.946152524,0.946152524,0.949155472,0.950061729,306.02734,0.9366523,0.9329275,0.9327272,0.9368585,0.939305,1.4348397,0.031615693,0.028573971,0.026712302,0.022023404,0.0217511
Low_emiss,Arctostaphylos glandulosa 3,0.942651899,0.94135277,0.94135277,0.939575813,0.938901906,305.44522,0.94149095,0.9388782,0.9388327,0.93585217,0.9374736,1.4186676,0.031797722,0.028687973,0.026809586,0.022015747,0.02173074
Low_emiss,Ceanothus spinosus 3,0.947352571,0.952394639,0.952394639,0.956086936,0.959183664,306.1376,0.93269783,0.93588203,0.93591136,0.9440625,0.944156,1.4404936,0.03149609,0.028573204,0.026722435,0.022093385,0.021813922
Low_emiss,Ceanothus spinosus 2,0.919448044,0.916124612,0.916124612,0.923852618,0.925869206,304.95474,0.93010634,0.924491,0.92392737,0.92945194,0.9329109,1.4110957,0.03166588,0.028492853,0.026601784,0.021981804,0.021725649
Low_emiss,Baccharis pilularis 2,0.958496462,0.957691477,0.957691477,0.946275622,0.949036648,305.8644,0.9477253,0.9469461,0.94677496,0.93880826,0.9391586,1.4305055,0.031869248,0.028783282,0.026903583,0.02201641,0.021713614
Low_emiss,Ceanothus megacarpus 2,0.929680329,0.924767882,0.924767882,0.925045983,0.925349464,304.97415,0.9391017,0.93303317,0.93274295,0.9299818,0.93267035,1.4133027,0.03183488,0.02861573,0.02672663,0.021981804,0.021704262
Low_emiss,Ceanothus megacarpus 3,0.951550433,0.946798817,0.946798817,0.946224905,0.946167626,305.82153,0.94045794,0.93734264,0.9371521,0.93721604,0.93897897,1.432466,0.03171459,0.028670387,0.026808918,0.022021852,0.021739813
Low_emiss,Baccharis pilularis 1,0.962659954,0.958040876,0.958040876,0.951729793,0.95340495,306.12378,0.94481707,0.94203794,0.94192284,0.9389474,0.9401031,1.4351897,0.031777695,0.028706267,0.026824474,0.022019854,0.02173268
Low_emiss,Ceanothus megacarpus 2,0.955948286,0.949398167,0.949398167,0.95103984,0.951083878,306.08212,0.9387551,0.9351902,0.9350421,0.93791604,0.939944,1.4336334,0.03165955,0.028625038,0.026766215,0.02202787,0.021755457
Low_emiss,Arctostaphylos glandulosa 1,0.95489128,0.95640081,0.95640081,0.94098587,0.94281152,305.5663,0.9521214,0.95161784,0.951331,0.9388249,0.938265,1.4258943,0.031980846,0.028870273,0.026989667,0.022008594,0.021700889
Low_emiss,Pinus ponderosa 3,0.960729664,0.954049632,0.954049632,0.955366369,0.957902408,306.35745,0.9369923,0.9336717,0.9335693,0.9385102,0.94082713,1.4421676,0.031598005,0.028599925,0.026737817,0.022038128,0.021765534
Low_emiss,Abies concolor 1,0.956867998,0.952556864,0.952556864,0.953591562,0.954241282,306.15253,0.93834215,0.9365116,0.9364317,0.9397489,0.94124365,1.4368317,0.031629343,0.028604032,0.026743105,0.02203546,0.021760385
Low_emiss,Pinus ponderosa 1,0.964889688,0.957978147,0.957978147,0.956294962,0.958421492,306.38104,0.94033456,0.9373402,0.93727064,0.9385947,0.9408732,1.4395417,0.031666297,0.028638614,0.026794305,0.022027623,0.021756558
Low_emiss,Pinus lambertiana 2,0.960705642,0.956056657,0.956056657,0.956225266,0.95639509,306.2505,0.9397527,0.93786055,0.937865,0.9404017,0.94188035,1.4378382,0.031655107,0.028658556,0.026806798,0.022052316,0.021770226
Low_emiss,Salvia leucophylla 1,0.944362125,0.959196381,0.959196381,0.916770071,0.913958794,304.0812,0.9802504,0.9838165,0.9835149,0.93995035,0.93403316,1.3975552,0.03266625,0.029373713,0.0274639,0.021979112,0.021592995
Low_emiss,Quercus douglasii 2,0.959897834,0.962224634,0.962224634,0.946494891,0.949725614,305.81613,0.9510755,0.95181763,0.95165235,0.94047105,0.9398314,1.4338814,0.031923644,0.028861444,0.026995296,0.022032268,0.021717586
Low_emiss,Quercus douglasii 2,0.961977582,0.963507803,0.963507803,0.941688498,0.945743928,305.68237,0.95616615,0.9557012,0.95542026,0.9383555,0.93776405,1.4292313,0.03206575,0.02894316,0.027058091,0.021999381,0.021690238
Low_emiss,Quercus lobata 2,0.95576801,0.957621161,0.957621161,0.93631384,0.940864635,305.46768,0.95529795,0.95425445,0.95387024,0.93667454,0.9363741,1.424339,0.03209028,0.028931536,0.027045462,0.02199404,0.021685531
Low_emiss,Salvia leucophylla 2,0.955547503,0.964613902,0.964613902,0.937504982,0.937859633,305.20422,0.9632106,0.966627,0.96640104,0.9424149,0.9390179,1.4208443,0.032241233,0.029088896,0.027202403,0.022025276,0.02167687
Low_emiss,Quercus agrifolia 1,0.906936429,0.903980333,0.903980333,0.903739314,0.90552814,304.0954,0.9375675,0.9290673,0.9281199,0.92322934,0.9266819,1.3954678,0.03192282,0.028619317,0.026720593,0.021938019,0.021665836
Low_emiss,Salvia leucophylla 3,0.934115002,0.943709146,0.943709146,0.910487263,0.905775122,303.83975,0.9736935,0.97347224,0.9730683,0.93549997,0.9314437,1.3946433,0.03256196,0.02923421,0.027335953,0.021962468,0.021598112
Low_emiss,Quercus lobata 3,0.955262987,0.953649426,0.953649426,0.940301146,0.943607668,305.6662,0.9494624,0.94682425,0.9465111,0.93637174,0.9370668,1.4274006,0.031933654,0.028805688,0.026922243,0.021990333,0.021691833
Low_emiss,Quercus lobata 3,0.956743889,0.959341012,0.959341012,0.936920578,0.940328895,305.4331,0.9572642,0.95657647,0.95621365,0.9377001,0.9368241,1.4228328,0.03213678,0.028963046,0.02707525,0.021984776,0.021672932
Low_emiss,Quercus lobata 1,0.959570057,0.958712077,0.958712077,0.942462351,0.945655844,305.73346,0.9521187,0.9503403,0.950074,0.93768775,0.9378352,1.4281964,0.031975973,0.028862154,0.026981637,0.022015782,0.021702513
Low_emiss,Quercus lobata 1,0.949085857,0.94444189,0.94444189,0.937465614,0.938567304,305.46118,0.9453307,0.9412534,0.94109994,0.9347143,0.93646836,1.4186676,0.031858366,0.028687973,0.026809586,0.02198845,0.021704847
Low_emiss,Salvia leucophylla 2,0.948810478,0.96074778,0.96074778,0.922169786,0.918315706,304.32367,0.9776295,0.9803944,0.9801905,0.9405363,0.9351853,1.4062935,0.032580864,0.029331066,0.027423657,0.021982498,0.021608042
Low_emiss,Quercus agrifolia 3,0.937567533,0.934396945,0.934396945,0.937552045,0.936474654,305.35712,0.9378888,0.93434453,0.9342299,0.9344227,0.9366444,1.4186676,0.031733792,0.02865313,0.026802653,0.02201486,0.021729983
Low_emiss,Salvia leucophylla 1,0.948116178,0.955554758,0.955554758,0.930280182,0.929706947,304.88312,0.962603,0.9640293,0.9638327,0.93931705,0.93659735,1.4138646,0.0322632,0.029063627,0.027169444,0.021985598,0.021653837
Low_emiss,Quercus agrifolia 2,0.962134212,0.960249003,0.960249003,0.96235895,0.963399079,306.4698,0.937002,0.937317,0.9373741,0.943571,0.94432867,1.4447898,0.03153871,0.028626362,0.02675956,0.022071375,0.021797294
Low_emiss,Quercus lobata 2,0.953303876,0.955239415,0.955239415,0.939305409,0.943154213,305.56216,0.9507335,0.9501082,0.9497684,0.93776745,0.9375812,1.4257143,0.031987544,0.028863776,0.026985997,0.022003016,0.021704262
Low_emiss,Quercus agrifolia 3,0.954369366,0.952176015,0.952176015,0.953187085,0.953941952,306.09235,0.9380759,0.9372658,0.93717587,0.9404505,0.94158345,1.4396039,0.031620916,0.028646505,0.026791707,0.02205515,0.021771617
Low_emiss,Quercus agrifolia 2,0.947528758,0.941515218,0.941515218,0.945416024,0.94750165,305.91354,0.9361488,0.93046564,0.9302486,0.9356255,0.938163,1.4307793,0.031609863,0.028548878,0.026703235,0.022020683,0.021756038
Low_emiss,Quercus douglasii 1,0.958666651,0.956317871,0.956317871,0.946786591,0.950450875,305.95398,0.9454576,0.9435326,0.9433405,0.937697,0.93882835,1.4372075,0.03184122,0.028759757,0.02688353,0.02202177,0.021721395
Low_emiss,Acer rubrum,0.843164588,0.840499722,0.840499722,0.83703766,0.833194758,300.9529,0.9443235,0.92555094,0.9238204,0.9018598,0.90668017,1.3378183,0.03247927,0.028694686,0.026736636,0.021792095,0.021528302
Low_emiss,Fagus grandifolia,0.955394065,0.94656927,0.94656927,0.916408285,0.931211853,305.31848,0.95684695,0.94603944,0.94511986,0.9217391,0.92580503,1.4176441,0.03228623,0.028919976,0.027020037,0.021890756,0.021579547
Low_emiss,Acer rubrum,0.92799862,0.928889673,0.928889673,0.935358728,0.926192049,304.87564,0.94000876,0.93805915,0.93801236,0.9384833,0.93877137,1.414163,0.031768054,0.02863997,0.02677312,0.022026565,0.021742271
Low_emiss,Quercus rubra,0.953046571,0.948185708,0.948185708,0.946000195,0.952460503,306.08386,0.9367586,0.93298125,0.9326788,0.9353061,0.93804497,1.4328604,0.031669542,0.028613677,0.026742043,0.022016805,0.021740697
Low_emiss,Betula papyrifera,0.946979908,0.943560238,0.943560238,0.93983801,0.935460369,305.39786,0.9449601,0.9420496,0.9420113,0.9358577,0.9371378,1.4186676,0.031859238,0.028713789,0.026836451,0.022002043,0.021707905
Low_emiss,Acer pensylvanicum,0.953622054,0.961300686,0.961300686,0.950029263,0.956469427,305.9747,0.94334054,0.9477141,0.94765556,0.94301254,0.9421128,1.4337668,0.031794745,0.028771373,0.026905486,0.022068677,0.02176261
Low_emiss,Acer rubrum,0.957529742,0.96088952,0.96088952,0.923201714,0.926551374,304.86282,0.9718928,0.9695062,0.96889174,0.93412733,0.9323212,1.4126698,0.0325029,0.02918964,0.027279653,0.021938631,0.021587947
Low_emiss,Fagus grandifolia,0.962592709,0.950677706,0.950677706,0.925597365,0.932576469,305.44788,0.95902485,0.94835365,0.94766665,0.92556125,0.92879766,1.4187105,0.03224447,0.028915124,0.027032906,0.021899557,0.02159325
Low_emiss,Quercus rubra,0.962491869,0.944236286,0.944236286,0.949777592,0.94017507,305.89944,0.9450336,0.934678,0.93449056,0.9346233,0.9378003,1.4296409,0.03174713,0.02861222,0.026739895,0.021977708,0.021704262
Low_emiss,Acer rubrum,0.846954666,0.854292328,0.854292328,0.841882653,0.840184708,301.01157,0.9506467,0.93841606,0.93689317,0.9086766,0.9104828,1.3410804,0.032565977,0.028914537,0.02696086,0.021824077,0.021525757
Low_emiss,Betula papyrifera,0.960951495,0.949561052,0.949561052,0.954111635,0.949405084,306.1296,0.94082534,0.93496305,0.93485945,0.93773204,0.9401526,1.4354688,0.03164901,0.02857842,0.026728585,0.022013469,0.021741727
Low_emiss,Betula lenta,0.945008134,0.946386613,0.946386613,0.941690555,0.943682291,305.587,0.9425151,0.94084495,0.9408191,0.9377747,0.9388912,1.4274629,0.031788617,0.028709799,0.02684326,0.022030594,0.021737996
Low_emiss,Quercus rubra,0.960362113,0.952691844,0.952691844,0.94787774,0.952465382,306.15128,0.9411695,0.93646455,0.9361637,0.934987,0.937767,1.4352407,0.03174045,0.028668711,0.026807055,0.022002814,0.021728525
Low_emiss,Fagus grandifolia,0.961790347,0.948679518,0.948679518,0.928041939,0.931413432,305.42313,0.9581625,0.94728506,0.94660735,0.9268406,0.929903,1.4212123,0.032186765,0.028892636,0.026998306,0.021904992,0.021604922
Low_emiss,Quercus rubra,0.957444695,0.939896565,0.939896565,0.946382308,0.934850328,305.6288,0.9421829,0.9360323,0.93584675,0.93355536,0.9364061,1.4186676,0.03179419,0.028622637,0.02675648,0.021981804,0.021704262
Low_emiss,Betula papyrifera,0.83118847,0.818786202,0.818786202,0.820781203,0.81789282,300.47473,0.94102085,0.9126998,0.9099721,0.89093155,0.89961755,1.3269541,0.032604255,0.02840517,0.026438184,0.02160261,0.021393519
Low_emiss,Acer rubrum,0.942277982,0.951272027,0.951272027,0.938290756,0.933807361,305.2168,0.9506483,0.952725,0.95278674,0.93982404,0.93871295,1.4186676,0.031996835,0.02888368,0.026991514,0.02203702,0.021719832
Low_emiss,Betula lenta,0.937940869,0.94788734,0.94788734,0.93780619,0.944945898,305.4527,0.942784,0.9432691,0.94330347,0.9384974,0.9389877,1.4186676,0.031847186,0.02875306,0.026853269,0.022032155,0.02174253
Low_emiss,Acer rubrum,0.894889788,0.907089056,0.907089056,0.895886104,0.890961878,303.10846,0.9517573,0.9512768,0.95071477,0.9311373,0.92906547,1.3831247,0.032230053,0.02891184,0.02700575,0.021973643,0.021654634
Low_emiss,Quercus rubra,0.958713594,0.95088758,0.95088758,0.94524056,0.954276867,306.22617,0.9385785,0.9333909,0.93332165,0.9326786,0.93632776,1.4369463,0.031722434,0.028623547,0.026758976,0.021988008,0.021715999
Low_emiss,Betula papyrifera,0.960766916,0.9513587,0.9513587,0.95727197,0.954161917,306.26163,0.93774396,0.93349713,0.9334603,0.93939376,0.9415621,1.4409391,0.03157488,0.02856953,0.02670991,0.022031382,0.021767413
Low_emiss,Quercus rubra,0.950709457,0.935844864,0.935844864,0.94109323,0.937878201,305.58246,0.9389549,0.9327149,0.9324844,0.932274,0.9356493,1.4186676,0.031717964,0.02859946,0.026745707,0.021981804,0.021705301
Low_emiss,Fresh leaf of Eucalyptus tree,0.964541551,0.962324819,0.96063539,0.95916846,0.960834794,306.3969,0.9403371,0.9399393,0.93967736,0.9416754,0.94278157,1.4403437,0.03164789,0.028669557,0.026796874,0.022057028,0.021775864
Low_emiss,Leaf of Maple (Red Star),0.957654199,0.94451111,0.945265622,0.961038243,0.964684383,306.76495,0.9234257,0.91721904,0.9172954,0.9362862,0.9411853,1.446122,0.031273864,0.028323943,0.02647518,0.022042487,0.021810755
Low_emiss, Leaf of Bronze Loquat (eriobotrya),0.964169737,0.961255937,0.960602089,0.959428315,0.959052882,306.3326,0.94145125,0.94106597,0.94097835,0.9422976,0.9430781,1.4399693,0.031656716,0.028676437,0.026809586,0.022054253,0.021769797
Low_emiss,Leaf of India Hawthorne (Raphiolepis India),0.961498527,0.961061392,0.960641772,0.960110793,0.959830064,306.30646,0.94030434,0.9414624,0.94149363,0.94381166,0.9440064,1.4414831,0.031626828,0.02867381,0.026809586,0.022069203,0.021786205
Low_emiss,Leaf of Laurel Tree (ficus microcarpa nitida),0.956576194,0.955580331,0.959510379,0.941670651,0.939242465,305.40793,0.9566404,0.95592344,0.9562776,0.94051594,0.9388345,1.4269562,0.03204135,0.028935665,0.02706362,0.022005085,0.02168664
Low_emiss,Leaf Magnolia (1st day),0.963007959,0.955905646,0.952569062,0.95682506,0.954381753,306.27505,0.9399926,0.93600637,0.9354105,0.939146,0.94134307,1.4389728,0.031623967,0.02860972,0.026747389,0.022033839,0.021759776
Low_emiss,Leaf of Arailia japonica,0.963606436,0.96101518,0.95988554,0.960778989,0.963226485,306.48618,0.93744016,0.9368937,0.93671006,0.9417869,0.9432974,1.4459177,0.031586837,0.028609691,0.026759453,0.022056414,0.021785116
Soil,Light yellowish brown loam,0.95554335,0.972820399,0.972820399,0.977056988,0.974237174,305.1428,0.9669856,0.97936153,0.97294295,0.9835735,0.97822845,1.4230311,0.031334203,0.028690718,0.026832834,0.022247251,0.021996804
Soil,Red-orange sandy loam,0.886679719,0.913404008,0.913404008,0.968090906,0.968155648,304.63162,0.91252583,0.92963046,0.92334914,0.981841,0.9797923,1.4108282,0.030386796,0.027942998,0.026119517,0.022356965,0.022198573
Soil,Grey calcareous silty soil,0.911181546,0.951959222,0.951959222,0.969804576,0.966815707,304.24405,0.94768786,0.9749335,0.96907175,0.9930122,0.98316646,1.3963642,0.03128212,0.02896194,0.027087584,0.02254784,0.022190994
Soil,Pale brown silty loam,0.96457583,0.956186114,0.956186114,0.974670431,0.970842016,305.57608,0.9585583,0.9555018,0.9488235,0.96907043,0.9707931,1.4235669,0.031180365,0.0283907,0.026545405,0.022140054,0.021945959
Soil,Reddish brown fine sandy loam,0.840920642,0.875246045,0.875246045,0.968814977,0.97414776,304.6865,0.86414844,0.8892842,0.88363045,0.98144895,0.98112714,1.4117265,0.02938172,0.027492622,0.025720749,0.022766078,0.022570215
Soil,Red-orange sandy loam,0.903690573,0.927106159,0.927106159,0.972814326,0.975119875,305.13196,0.9204589,0.93571675,0.9295327,0.9806857,0.97937167,1.4235331,0.030526744,0.028034046,0.026221503,0.02235405,0.022177586
Soil,Brown to dark brown gravelly loam,0.977001155,0.974404353,0.974404353,0.973608567,0.970964596,305.45282,0.9751309,0.97519106,0.96854097,0.97237253,0.971211,1.4255179,0.031497862,0.028715277,0.026859535,0.022148568,0.021895267
Soil,Light yellowish brown interior dry gravelly loam,0.944902924,0.962606889,0.962606889,0.971633696,0.970557849,304.9639,0.96073705,0.9724354,0.9659596,0.98102504,0.9768256,1.4187579,0.031242808,0.028590398,0.026748395,0.022239426,0.022008285
Soil,Brown to dark brown loamy sand,0.823928855,0.83995174,0.83995174,0.959903514,0.96576661,304.7936,0.8416482,0.8532184,0.84754145,0.96727747,0.9739961,1.4116213,0.02882338,0.026823051,0.02509752,0.022598857,0.022524169
Soil,Brown to dark brown sandy loam,0.898777072,0.911498345,0.911498345,0.968528133,0.969210273,305.1736,0.9126902,0.921459,0.9150414,0.9742804,0.97568476,1.4176807,0.030402549,0.027891971,0.026083518,0.0223157,0.022166234
Soil,Red-orange sandy loam,0.933113764,0.943938285,0.943938285,0.976219674,0.975128554,305.30765,0.93931806,0.9477072,0.9412822,0.9779575,0.97687495,1.4255469,0.030840056,0.02824225,0.02642493,0.022266597,0.022076685
Soil,Very dark grayish brown silty loam,0.944887736,0.940944062,0.940944062,0.972734237,0.972882698,305.53766,0.9415355,0.94079155,0.9341591,0.96883965,0.971394,1.4250966,0.030899672,0.028186625,0.026357759,0.02218006,0.022011353
Soil,Grayish brown loam,0.955662283,0.954933007,0.954933007,0.972821197,0.974443858,305.53824,0.9533218,0.95428145,0.9476516,0.97083473,0.97168124,1.4258024,0.031132836,0.028377032,0.026529772,0.022176536,0.021973599
Soil,Light yellowish brown loamy sand,0.915951386,0.916820438,0.916820438,0.958558558,0.963422445,305.06616,0.9248478,0.92587036,0.91844875,0.96386534,0.9687356,1.4176807,0.030667327,0.027980063,0.02614417,0.022193808,0.022058144
Soil,Red-orange sandy soil.,0.878165808,0.910461417,0.910461417,0.967361624,0.965822895,304.4159,0.91036,0.93092996,0.92474145,0.98501664,0.9815019,1.4097506,0.03034864,0.027932646,0.02610523,0.022407131,0.022230903
Soil,Fluvial deposit,0.904475048,0.924828623,0.924828623,0.97146968,0.971039971,305.05005,0.921656,0.93570495,0.92945343,0.979622,0.9786477,1.4176807,0.030529344,0.028061105,0.026231287,0.022324638,0.022148727
Soil,Very dark grayish brown loam,0.968203436,0.957395615,0.957395615,0.971941256,0.973681505,305.7276,0.95822996,0.95317215,0.94636196,0.9655549,0.96841824,1.4251971,0.031208262,0.028393675,0.026544245,0.02210921,0.021929253
Soil,Gray/dark brown extremely stoney coarse sandy,0.954021435,0.939699692,0.939699692,0.964709842,0.966864748,305.539,0.94824916,0.940163,0.93322897,0.9608118,0.9657179,1.4226094,0.031043407,0.02820253,0.026367186,0.02209694,0.021932023
Soil,Sandy Loam/alluvium,0.927756461,0.923991953,0.923991953,0.971934224,0.974546861,305.58963,0.92292506,0.9227916,0.9162381,0.966306,0.97138804,1.424034,0.030556899,0.027935902,0.026111957,0.02220945,0.022065517
Soil,Vary dark grayish brown loam,0.919787287,0.931429407,0.931429407,0.971056026,0.969032572,305.0474,0.9325019,0.9408941,0.93441355,0.9765457,0.9760435,1.4181787,0.030710641,0.028139533,0.026321737,0.022272175,0.022088744
Soil,Dark grayish brown silty loam,0.966985171,0.962124866,0.962124866,0.975587424,0.973297123,305.5976,0.9615878,0.96059334,0.95389926,0.97118807,0.97173476,1.4254782,0.031239787,0.028450904,0.026616465,0.022141997,0.021941323
Soil,Brown fine sandy loam,0.921786069,0.9213226,0.9213226,0.965961672,0.964181378,305.2128,0.9267759,0.9277055,0.9207892,0.9657876,0.97026074,1.4176807,0.030668823,0.028025651,0.026199816,0.0222023,0.022058144
Soil,Brown sandy loam,0.933134375,0.906878312,0.906878312,0.962063186,0.967262763,305.48676,0.9182266,0.90825313,0.9017312,0.9562217,0.964789,1.4176807,0.030540429,0.027745536,0.025915494,0.022113146,0.022025904
Soil,Brown loamy fine sand,0.892689669,0.88761584,0.88761584,0.962780927,0.969050176,305.40262,0.89362395,0.8906916,0.8840484,0.9604281,0.9685795,1.4167489,0.030030536,0.027482513,0.025676772,0.02222011,0.02214664
Soil,Brown to dark brown silt loam,0.955977225,0.94971481,0.94971481,0.972242094,0.97570085,305.70227,0.94835794,0.9457567,0.93905133,0.9669383,0.9698063,1.4284657,0.03103332,0.028263394,0.026425136,0.022157902,0.02196594
Soil,Brown gravelly sandy loam,0.925625812,0.923669678,0.923669678,0.958752986,0.960274833,305.0528,0.93636346,0.93480617,0.92796034,0.9647794,0.96844983,1.4176807,0.030862048,0.028119653,0.026285969,0.02217946,0.022001045
Soil,Very dark grayish brown loam,0.939425754,0.93441956,0.93441956,0.971001647,0.971328143,305.5106,0.93694663,0.93519515,0.92852914,0.9675753,0.9708243,1.4224709,0.030799082,0.02809187,0.026263706,0.022186177,0.022035034
Soil,Brown sandy loam,0.918560494,0.924313556,0.924313556,0.968741736,0.969776973,305.31067,0.9244233,0.9281624,0.92174774,0.9679945,0.9719769,1.4176807,0.030592054,0.02801617,0.026190333,0.022234881,0.022072861
Soil,Dark brown interior moist clay loam,0.937066183,0.953780985,0.953780985,0.968316876,0.967213082,304.8547,0.95547205,0.96638894,0.959862,0.9793956,0.97575736,1.4176989,0.031154223,0.028502775,0.026656402,0.022234978,0.02201408
Soil,Brown to dark brown sand,0.826414479,0.850789998,0.850789998,0.962883241,0.96946792,304.7362,0.8465927,0.8646002,0.8590127,0.97260344,0.97667295,1.4136608,0.028974071,0.027032394,0.025298536,0.022683995,0.022563655
Soil,Very dark grayish brown loamy sand,0.88809022,0.893699513,0.893699513,0.963611026,0.969035192,305.1525,0.8972329,0.9009814,0.8943905,0.96663845,0.97182184,1.4155966,0.030124305,0.02759804,0.025786148,0.022290137,0.022175282
Soil,White gypsum dune sand.,0.938387885,0.885023607,0.885023607,0.975001055,0.978196063,306.93094,0.89659584,0.8626263,0.8569101,0.94165057,0.9605636,1.4448222,0.029615179,0.026719851,0.024971606,0.021818528,0.021919612
Soil,Dark brown fine sandy loam,0.95194489,0.948809581,0.948809581,0.971075274,0.973905241,305.55502,0.9482638,0.9477015,0.9409622,0.9683322,0.9704884,1.4221795,0.031031663,0.028287105,0.026448756,0.022173125,0.021981614
Soil,Very dark grayish brown silty loam,0.919334762,0.924536111,0.924536111,0.965273721,0.959116019,305.02887,0.9329622,0.93664867,0.9301805,0.9689268,0.9710761,1.4176807,0.030773744,0.028110951,0.026249152,0.022208732,0.022058144
Soil,Red-orange sandy soil,0.924118159,0.939912275,0.939912275,0.975410027,0.976575522,305.2379,0.9332708,0.9444928,0.9381247,0.9790656,0.9778039,1.4201064,0.030722642,0.028212713,0.026390264,0.022294993,0.022114443
Soil,Brown to dark brown clay,0.92932722,0.934656543,0.934656543,0.972404334,0.975466764,305.436,0.9313691,0.9361853,0.929647,0.972184,0.97373885,1.4221855,0.030711334,0.028079204,0.026256917,0.022244833,0.022076815
Soil,Dark yellowish brown silty clay,0.973895074,0.977208139,0.977208139,0.980229045,0.979785193,305.67145,0.9687521,0.9730471,0.96650445,0.9764449,0.97454506,1.4277203,0.031363267,0.028628627,0.026771061,0.022178648,0.02195345
Soil,Reddish brown fine sandy loam,0.876688496,0.882857059,0.882857059,0.96367888,0.966937665,305.06717,0.8878721,0.892337,0.88579965,0.9671449,0.9726842,1.4127514,0.029940493,0.027467068,0.02568918,0.022297101,0.02220125
Soil,Very pale brown to brownish yellow interior dry gravell,0.934694088,0.961777169,0.961777169,0.972921165,0.968363128,304.68652,0.9597934,0.9775784,0.9713211,0.987504,0.98037714,1.4125705,0.03142418,0.028982688,0.027091807,0.022403091,0.022068523
Soil,Black loam,0.971994665,0.969053189,0.969053189,0.974169441,0.97486357,305.604,0.9668153,0.96654636,0.95984644,0.9710836,0.9710784,1.427016,0.03136354,0.028570695,0.026716042,0.022136806,0.021925915
Soil,Brown to dark brown gravelly fine sandy loam,0.975306576,0.971542684,0.971542684,0.975907204,0.97620459,305.68454,0.9680356,0.9678016,0.96114576,0.97148633,0.97140694,1.4280262,0.031372797,0.02858586,0.026737178,0.022136105,0.0219228
Soil,Brown silty loam,0.951011926,0.941551114,0.941551114,0.968422686,0.966885092,305.43198,0.9486074,0.9440195,0.937239,0.9654622,0.9686778,1.4200965,0.031033987,0.028251665,0.026425209,0.022124935,0.021964582
Soil,Dark yellowish brown micaceous loam,0.941606719,0.932324592,0.932324592,0.968801118,0.968991486,305.5075,0.9377958,0.9332297,0.9264575,0.9645841,0.96893656,1.4219425,0.030818198,0.028095003,0.026281076,0.022147525,0.02199303
Soil,"Dark reddish brown, organic-rich, silty loam",0.982848325,0.978108109,0.978108109,0.970365175,0.966932861,305.34302,0.98323494,0.9812448,0.9744499,0.97085094,0.96950704,1.4230103,0.031665545,0.028897224,0.027050108,0.022093635,0.02184872
Soil,Pale brown dry silty clay loam,0.934755963,0.963313164,0.963313164,0.977265826,0.975787528,304.9447,0.95413923,0.97337896,0.9671332,0.9885531,0.9817528,1.4265423,0.031108165,0.028604165,0.026790766,0.02233905,0.022085402
Soil,Brown fine sandy loam,0.924207117,0.91627131,0.91627131,0.965347504,0.965271243,305.3008,0.9227933,0.9216638,0.9144978,0.9630641,0.9688586,1.4176807,0.030562224,0.027900543,0.026076447,0.022193808,0.022058144
Soil,Grey calcareous silty soil,0.88652839,0.902776354,0.902776354,0.964011967,0.967514636,304.84906,0.90519315,0.9155563,0.9090541,0.9735972,0.9751979,1.4147576,0.03028739,0.027795676,0.02598775,0.02232441,0.022184268
Soil,Soil 90P_476S from Nebraska Soil Lab,0.891796656,0.892447225,0.874444261,0.960586316,0.969806179,305.5442,0.8882417,0.88374317,0.8740216,0.954662,0.9660751,1.423433,0.029953944,0.02737424,0.025570469,0.022208232,0.02214031
Soil,Soil Sample of Haliia from Nebraska Soil Lab,0.969475288,0.981360331,0.973812019,0.991657865,0.992959292,306.10208,0.95509565,0.9640298,0.95659626,0.9806801,0.9790657,1.4393629,0.03104603,0.028461656,0.026647823,0.02225236,0.022033775
Soil,Soil 90P4255S from Nebraska Soil Lab,0.937273106,0.946117041,0.935540957,0.975402453,0.976075608,305.51572,0.93596864,0.9404514,0.9322606,0.9718237,0.97409403,1.4285325,0.030744936,0.028160317,0.026341684,0.02223626,0.022057874
Soil,Soil 90P3921S from Nebraska Soil Lab,0.902813199,0.930886385,0.909899912,0.951559037,0.950860664,304.2143,0.9357496,0.9456185,0.935509,0.9707239,0.9710844,1.4002613,0.030895853,0.02821006,0.026362509,0.02221547,0.02204165
Soil,Soil 88p4643S from Nebraska Soil Lab,0.951136341,0.955955023,0.945785784,0.972491531,0.981999316,305.82416,0.94241244,0.9433939,0.9351141,0.96711,0.97044754,1.4289566,0.030939799,0.028219696,0.026385453,0.022178147,0.021997046
Soil,Soil 90P4172S from Nebraska Soil Lab,0.904464671,0.930913388,0.921245884,0.965009684,0.967538017,305.05032,0.92467356,0.9367865,0.9289477,0.973254,0.97339225,1.4176807,0.03063811,0.028079176,0.026241437,0.02228399,0.022097468
Soil,Comparison of Wan's Soil 88p2535S with Salisbury from N,0.938988916,0.945009023,0.926166862,0.970422922,0.972549063,305.5583,0.93474025,0.93464524,0.9249258,0.96556437,0.9703692,1.4248403,0.030764312,0.028082076,0.026264204,0.022169217,0.022024296
Soil,Soil 88p2535S from Nebraska Soil Lab,0.938988916,0.945009023,0.926166862,0.970422922,0.972549063,305.5583,0.93474025,0.93464524,0.9249258,0.96556437,0.9703692,1.4248403,0.030764312,0.028082076,0.026264204,0.022169217,0.022024296
Soil,Soil 90p3101S from Nebraska Soil Lab,0.884979259,0.911156872,0.896331504,0.94859311,0.941630082,303.77856,0.92730176,0.93767315,0.9286022,0.9725844,0.9723695,1.3955034,0.030755933,0.028083542,0.026242258,0.02225604,0.022077763
Soil,s88p2535 from Salisbury,0.941611616,0.947111997,0.932333979,0.968805193,0.969000969,305.37695,0.9420698,0.9422824,0.9332243,0.96699065,0.97037613,1.4230858,0.030916935,0.028183937,0.0263604,0.022156896,0.021986248
Soil,"Sand Sample 1 - Goleta Beach (Goleta, CA) ",0.76997895,0.767435328,0.714813317,0.96040473,0.973256438,306.49722,0.7496717,0.7374302,0.717886,0.9280668,0.96172315,1.4510646,0.026458222,0.024501137,0.022938054,0.02209216,0.022455845
Soil,"Sand Sample 2 - Goleta Beach (Goleta, CA)",0.729594975,0.722938176,0.663650885,0.944922506,0.960467507,306.33618,0.71365887,0.6967485,0.67474586,0.91317177,0.95375127,1.4519439,0.02582799,0.023844011,0.022393303,0.021940885,0.022419067
Soil,Powder Sample 2 from Railroad Valley,0.933476785,0.935585484,0.933469918,0.955713692,0.95438519,304.68625,0.9516675,0.9513316,0.9440781,0.96685874,0.96793705,1.4071002,0.03114793,0.028357236,0.026501914,0.022146624,0.021951824
Soil,Powder Sample 1 from Railroad Valley,0.926373566,0.917789256,0.911556327,0.950303533,0.957635667,305.09735,0.9321182,0.9234877,0.91534644,0.9541561,0.9616508,1.4135762,0.030834453,0.028025148,0.026195679,0.022112316,0.021957004
Soil,Soil Sample 7 from Oklahoma,0.896925513,0.9087899,0.898818081,0.973035247,0.977075367,305.48483,0.8984743,0.90449995,0.89647484,0.9697202,0.9747449,1.4241573,0.030072218,0.027640047,0.025824817,0.022307133,0.02219458
Soil,Soil Sample 3 from Oklahoma,0.902542799,0.920316776,0.914907764,0.980597885,0.981495909,305.47278,0.90620947,0.9182638,0.9112238,0.97814953,0.97964543,1.4262444,0.030183341,0.027783744,0.025994902,0.022347564,0.022212034
Soil,Soil Sample 12 from Oklahoma,0.892283541,0.909328388,0.902014632,0.978551288,0.977692964,305.3568,0.897772,0.9088338,0.9014698,0.9763849,0.97913516,1.4261026,0.030037463,0.027643334,0.02585542,0.022364203,0.02224225
Soil,Soil Sample 13 from Oklahoma,0.89021097,0.903183682,0.89490213,0.976085161,0.975255696,305.3684,0.89435256,0.9021974,0.8946058,0.97286916,0.97723067,1.4233207,0.02999036,0.027573029,0.025784504,0.022332411,0.022225806
Soil,Soil Sample 6 from Oklahoma,0.904977342,0.918375382,0.912116339,0.976908892,0.980258385,305.52585,0.90627676,0.91486156,0.9075895,0.9739709,0.97690296,1.4247757,0.030201456,0.027754845,0.025944626,0.02231501,0.02218798
Soil,Soil Sample 2 from Oklahoma,0.892207207,0.90422449,0.897778706,0.978313501,0.979621717,305.54315,0.892811,0.901092,0.89382803,0.9731051,0.9774342,1.4233959,0.02994572,0.027543994,0.025754077,0.022335576,0.02223747
Soil,Soil Sample 11 from Oklahoma,0.889142489,0.910222313,0.903889252,0.989006667,0.988436763,305.69363,0.88807124,0.90333736,0.8964299,0.98121625,0.983309,1.4314641,0.02979254,0.027534999,0.025757374,0.022416364,0.022298565
Soil,Soil Sample 4 from Oklahoma,0.915924052,0.925014527,0.918401008,0.974300037,0.977004687,305.49884,0.916952,0.92138237,0.91399175,0.97065544,0.97462,1.420507,0.030419279,0.027868303,0.026060473,0.022257073,0.022126311
Soil,Soil Sample 9 from Oklahoma,0.851188595,0.864346894,0.858436391,0.929403707,0.932050696,303.54172,0.89759344,0.8994424,0.89134365,0.95830864,0.9638806,1.3826686,0.03030366,0.027591482,0.025754662,0.02221339,0.022106936
Soil,Soil Sample 5 from Oklahoma,0.896925513,0.9087899,0.898818081,0.973035247,0.977075367,305.48483,0.8984743,0.90449995,0.89647484,0.9697202,0.9747449,1.4241573,0.030072218,0.027640047,0.025824817,0.022307133,0.02219458
Soil,Soil Sample 1 from Oklahoma,0.901720577,0.907147423,0.896136812,0.974027756,0.983237279,305.88083,0.8927662,0.8950947,0.8868528,0.9642514,0.97218406,1.4309127,0.029979583,0.027500214,0.025699593,0.022274224,0.02218487
Soil,Soil Sample 14444 from Oklahoma,0.901923954,0.917063355,0.906908321,0.991515205,0.994164114,306.1074,0.88981485,0.90083015,0.8931628,0.9769114,0.9810756,1.4413964,0.029828407,0.027518447,0.025751991,0.022379154,0.022276634
Soil,Emissivity of Salty Soil (Averaged over 19 Sets),0.931632072,0.933753081,0.947125226,0.96484372,0.970500892,305.1123,0.9431629,0.948026,0.94344497,0.97300035,0.9721721,1.4161184,0.03098668,0.028323924,0.026472764,0.022233944,0.022028394
Soil,Emissivity of Salty Soil (Averaged over 9 Sets),0.934012232,0.93932614,0.950016929,0.964329408,0.970366784,305.07794,0.9466096,0.9531597,0.94812316,0.9733567,0.9721751,1.418469,0.031060407,0.028385922,0.026555503,0.022235686,0.022022305
Soil,Emissivity of Salty Soil (Averaged over 9 Sets),0.94678455,0.972489519,0.977082128,0.957640408,0.970032514,304.8127,0.9697078,0.9858974,0.9804556,0.9764239,0.97058916,1.4029084,0.031967737,0.029283276,0.027387284,0.022302054,0.021942716
Soil,"Soil Sample 3 from Concord, MA",0.93620183,0.940200688,0.933029978,0.972077852,0.975143702,305.54025,0.9340738,0.9360074,0.92821264,0.9689157,0.9720173,1.4230758,0.030738508,0.02807426,0.026257424,0.022193808,0.02204042
Soil,"Soil Sample 2 from Concord, MA",0.923824563,0.928383756,0.921988591,0.969029427,0.973453555,305.44925,0.92365617,0.9259114,0.91838473,0.9667371,0.97139746,1.4192537,0.030581813,0.027945938,0.026125737,0.022213409,0.022071868
Soil,"Soil Sample 1 from Concord, MA",0.945473251,0.950050239,0.942228272,0.973507871,0.976457271,305.60602,0.9419993,0.9439306,0.93608695,0.9699017,0.97217757,1.4241171,0.030899998,0.028210524,0.026371699,0.022190582,0.022017779
Soil,Sand Sample 2 from Orchard Supply Hardware,0.809042879,0.788559929,0.763280124,0.945921448,0.963763328,306.11255,0.7932934,0.7736008,0.76175445,0.9260707,0.95444274,1.4382124,0.027559854,0.025159268,0.023531554,0.021988785,0.022264766
Soil,Sand Sample 1 from Orchard Supply Hardware,0.834496991,0.814121725,0.794945017,0.953333917,0.967980862,306.1013,0.81768864,0.7998592,0.7897957,0.9340891,0.9582115,1.4401442,0.028074697,0.02567574,0.024017146,0.022044566,0.022249721
Soil,"Soil Sample 6 (Page, Arizona)",0.762175195,0.785763969,0.764208167,0.952593299,0.96417903,304.98795,0.7772031,0.788283,0.777854,0.9528,0.9688473,1.4243426,0.02744527,0.02565201,0.023993982,0.022621686,0.022700075
Soil,"Soil Sample 2 (Page, Arizona)",0.762172212,0.797622764,0.766210604,0.954393729,0.965863596,304.89706,0.77993035,0.79675233,0.78401047,0.9560456,0.9711749,1.4224752,0.027554713,0.025754783,0.02408478,0.022675203,0.02272333
Soil,"Soil Sample 7 - Hard Pan, Fractured Somewhat (Page, Ari",0.893053011,0.913171619,0.911432256,0.96405046,0.967379567,304.99872,0.914458,0.92632014,0.9195697,0.9757174,0.97587943,1.4176807,0.030471638,0.0279101,0.0260895,0.022314368,0.02215649
Soil,"Soil Sample 3 (Page, Arizona)",0.759373207,0.787584038,0.75809895,0.955116146,0.966653926,305.0822,0.77218646,0.7850461,0.7727191,0.95283544,0.96988416,1.4259496,0.02733229,0.025523638,0.023875626,0.022625016,0.022718642
Soil,"Soil Sample 9 - Hard Pan, Ground (Page, Arizona)",0.882382124,0.899407235,0.896696573,0.968868948,0.973552587,305.12195,0.89495087,0.9055955,0.8987575,0.973347,0.97622716,1.4181981,0.030055232,0.027611678,0.025828699,0.022335388,0.02222166
Soil,"Soil Sample 5 - Non Productive Vegetation (Page, Arizon",0.845887057,0.858651383,0.843181726,0.952864732,0.960420777,304.8643,0.8608916,0.86384034,0.85460126,0.95787835,0.9685662,1.4093233,0.029495819,0.02707201,0.025298104,0.022279698,0.022251267
Soil,"Soil Sample 1 (Page, Arizona)",0.762172212,0.797622764,0.766210604,0.954393729,0.965863596,304.89706,0.77993035,0.79675233,0.78401047,0.9560456,0.9711749,1.4224752,0.027554713,0.025754783,0.02408478,0.022675203,0.02272333
Soil,"Soil Sample 4 (Page, Arizona)",0.710868376,0.731346097,0.682147941,0.945556503,0.959763288,305.46765,0.7169,0.7199523,0.70119035,0.9317863,0.9610154,1.4379789,0.026172739,0.024333628,0.022805946,0.022391228,0.0226936
Soil,"Soil Sample 8 - Hard Pan, Ground (Page, Arizona)",0.868092537,0.906139255,0.916926127,0.966545375,0.969682912,304.262,0.9050348,0.9341839,0.92982495,0.9899726,0.9840644,1.4076443,0.030309528,0.028282126,0.026442299,0.022723205,0.022419678
Soil,Sample 5 of Surface from Railroad Valley - Playa,0.972009879,0.967634119,0.923048654,0.914757978,0.941324192,305.1604,0.9709642,0.95159686,0.9333277,0.9221007,0.9372273,1.4068251,0.032309983,0.028552728,0.026585689,0.021581827,0.021406459
Soil,Sample 1 of Surface from Railroad Valley - Playa,0.97109047,0.977302034,0.968390855,0.97180833,0.975758482,305.55716,0.9682737,0.97080255,0.9627019,0.9710943,0.9708877,1.4260529,0.031421818,0.028642284,0.02678669,0.022147417,0.021914858
Soil,Sample 4 of Surface from Railroad Valley - Playa,0.969557803,0.969558616,0.949303545,0.953840953,0.968045883,305.50742,0.96474504,0.9577578,0.9473072,0.95455766,0.9604758,1.4197152,0.031480618,0.0285154,0.026647119,0.022033982,0.021826224
Soil,Sample 8 of Surface from Railroad Valley - Playa,0.982642396,0.982027119,0.929586336,0.919544444,0.949216256,305.48914,0.9713357,0.95286995,0.93323797,0.92094487,0.9371444,1.4141917,0.032318298,0.02859127,0.026605148,0.021562684,0.021385567
Soil,Sample 10 of Surface from Railroad Valley - Playa,0.888281352,0.898450316,0.893826775,0.981431915,0.979695544,305.5835,0.88772213,0.8956601,0.8887151,0.9742985,0.97874707,1.42577,0.029831406,0.027452521,0.025665607,0.022349887,0.022265445
Soil,Sample 6 of Surface from Railroad Valley - Playa,0.978278714,0.979237084,0.972502416,0.982441009,0.980088173,305.82257,0.96738434,0.9688407,0.96128905,0.97432566,0.97394484,1.4321936,0.031301677,0.028542154,0.026680201,0.022150043,0.021933353
Soil,Sample 7 of Surface from Railroad Valley - Playa,0.971574248,0.977019719,0.943329952,0.941076398,0.958906074,305.3906,0.9691614,0.9612316,0.94625276,0.9437349,0.95257515,1.412836,0.03200698,0.028686939,0.026745534,0.021814115,0.021607917
Soil,Sample 3 of Surface from Railroad Valley - Playa,0.976235531,0.977006328,0.959913199,0.968805208,0.976538314,305.80426,0.96444297,0.9610283,0.95147884,0.96290594,0.9665926,1.428708,0.03139869,0.028525682,0.026675463,0.022089347,0.021877393
Soil,"Soil Sample 9 from Death Valley, CA",0.92357651,0.907532586,0.897592674,0.950322479,0.960987096,305.45126,0.9186014,0.9057614,0.8971432,0.94696593,0.9588387,1.4121653,0.030578883,0.027740836,0.025904424,0.022052852,0.021958757
Soil,"Soil Sample 1 from Death Valley, CA",0.95562481,0.953485852,0.949204557,0.966899162,0.967660862,305.35916,0.95628357,0.9544088,0.94697315,0.96691346,0.9688507,1.4189571,0.031177364,0.028360978,0.026512276,0.022116365,0.021933202
Soil,"Soil Sample 5 from Death Valley, CA",0.937188965,0.914270713,0.907226994,0.949843433,0.961547831,305.5907,0.9277819,0.9101877,0.90165615,0.9447012,0.95670134,1.4167898,0.030789902,0.02786318,0.026017321,0.02202259,0.021916239
Soil,"Soil Sample 8 from Death Valley, CA",0.877163634,0.847302843,0.834395816,0.944926263,0.963175832,306.02966,0.86041105,0.8353954,0.8258396,0.9304185,0.95269376,1.4308534,0.02909418,0.026334675,0.0245832,0.021890054,0.022022765
Soil,"Soil Sample 10 from Death Valley, CA",0.958700868,0.966124479,0.962649998,0.9712821,0.971682219,305.28894,0.96350783,0.9680831,0.96083957,0.97416097,0.9727466,1.4221731,0.03131288,0.028541526,0.02668564,0.022183778,0.021949535
Soil,"Soil Sample 2 from Death Valley, CA",0.904241026,0.910892197,0.908050067,0.954017296,0.955916618,304.6502,0.92393863,0.9260414,0.9188506,0.96522075,0.9689059,1.4052032,0.030685486,0.027953964,0.026115784,0.022199119,0.022058144
Soil,"Soil Sample 6 from Death Valley, CA",0.880450812,0.86435426,0.843876121,0.950662333,0.958589441,305.53308,0.87331086,0.85735095,0.8457341,0.941317,0.96003836,1.4222949,0.0296513,0.027016582,0.02522955,0.022102617,0.022091608
Soil,"Soil Sample 7 from Death Valley, CA",0.887342228,0.860894496,0.84713789,0.954471105,0.971109226,306.25006,0.86558676,0.84385854,0.835229,0.93594897,0.95673573,1.4374427,0.029153317,0.02647044,0.024751512,0.021953236,0.022048956
Soil,"Sample 5 of Surface in Koehn, CA",0.925935105,0.937339651,0.94817873,0.966035466,0.966929811,304.80176,0.9465489,0.9566552,0.95177203,0.97874784,0.97537696,1.412403,0.031022,0.028393114,0.026556253,0.022261126,0.02205025
Soil,"Sample 1 of Surface in Koehn, CA",0.95689952,0.957999417,0.96547188,0.978492914,0.979863267,305.6062,0.9544142,0.9592845,0.9539446,0.9765634,0.9751116,1.4256876,0.03110046,0.02842127,0.026571242,0.022216158,0.022003852
Soil,"Sample 6 of Surface in Koehn, CA",0.965224708,0.964885356,0.960486184,0.972401179,0.970400552,305.43936,0.9639863,0.9640772,0.95668906,0.97098774,0.9712511,1.4235684,0.031314604,0.02852736,0.02668394,0.02215571,0.021930795
Soil,"Sample 2 of Surface in Koehn, CA",0.941518777,0.949751822,0.958642398,0.976450888,0.978230805,305.34583,0.947438,0.9567131,0.951708,0.9793964,0.9769162,1.4236922,0.030972486,0.028375486,0.026539782,0.022254309,0.022049008
Soil,"Sample 3 of Surface in Koehn, CA",0.941543815,0.933184952,0.928847774,0.969643286,0.972114096,305.6602,0.9336824,0.928812,0.92135054,0.96285033,0.9684313,1.4249829,0.030761309,0.02804631,0.026214631,0.022164283,0.02201071
Urban,Red smooth-faced Brick,0.947410356,0.871258796,0.871258796,0.934274319,0.954415509,307.7113,0.8842336,0.831422,0.8313989,0.8923568,0.9191982,1.4678407,0.029978689,0.026402045,0.024667578,0.021437865,0.02156332
Urban,Construction Asphalt,0.947730315,0.95535171,0.95535171,0.965317295,0.960695153,305.91248,0.9377209,0.9426009,0.9435788,0.9557054,0.9530742,1.439556,0.031204548,0.028412733,0.026593404,0.022189101,0.02192202
Urban,Glossy Black Paint,0.953786807,0.949123889,0.949123889,0.948349465,0.949675988,305.73456,0.945307,0.94002223,0.94047475,0.94282037,0.9435477,1.4326793,0.03147114,0.028454492,0.026618743,0.02206366,0.02180955
Urban,Black tar paper,0.98074033,0.976246086,0.976246086,0.973871519,0.972380428,306.66876,0.9491408,0.9478674,0.94876236,0.9521443,0.9511605,1.4529254,0.031403672,0.028508395,0.026685666,0.022137074,0.021857573
Urban,Lamp (Ebony) Black Paint,0.927107728,0.936697023,0.936697023,0.921333744,0.919085642,304.15018,0.9592537,0.9593881,0.95923287,0.9425295,0.93900394,1.3939842,0.032260515,0.02908434,0.02718437,0.022022983,0.021683088
Urban,Terra cotta Tiles,0.905655107,0.896683599,0.896683599,0.965890672,0.972963636,306.77838,0.8750604,0.8699788,0.87079275,0.9403156,0.94873667,1.450548,0.029930353,0.0273565,0.025563965,0.022214653,0.022087188
Urban,Ultra Flat Black Paint,0.966008489,0.950445924,0.950445924,0.952439484,0.953052633,306.1307,0.94494134,0.9344674,0.93489385,0.9388207,0.9418768,1.4363894,0.031432442,0.028391026,0.026553158,0.022039955,0.021787606
Urban,Construction  Concrete,0.901567088,0.905816574,0.905816574,0.957691535,0.953275265,305.6859,0.8974243,0.899541,0.90041256,0.9491704,0.95135105,1.4357549,0.030406596,0.027741326,0.025955629,0.02222624,0.022042342
Urban,Asphalt roofing shingle,0.970489776,0.922083413,0.922083413,0.954464749,0.959468868,307.12253,0.9189012,0.88957256,0.88965464,0.92033184,0.93412673,1.4480882,0.030893508,0.027763689,0.025954844,0.021921076,0.021784514
Urban,Olive green paint,0.958994944,0.94949016,0.94949016,0.947015647,0.95122886,305.90305,0.94516146,0.9369827,0.9373347,0.9389424,0.94125843,1.433899,0.031486522,0.028434481,0.026594777,0.022040548,0.021788327
Urban,Flat Black Paint,0.941109138,0.940520685,0.940520685,0.917622757,0.923261799,304.6376,0.9601949,0.95312357,0.9527165,0.9324264,0.9327889,1.4013834,0.032347735,0.028979955,0.027056573,0.021912113,0.02159778
Urban,Construction Tar,0.932015016,0.928417855,0.928417855,0.931695871,0.934882418,305.109,0.9392497,0.9321681,0.93233824,0.9370245,0.9389718,1.4172657,0.031452622,0.028381612,0.026516953,0.022045499,0.021797083
Urban,Reddish Asphalt roofing shingle,0.969650613,0.92544687,0.92544687,0.955446559,0.961430836,307.10638,0.919535,0.892889,0.8930518,0.9227189,0.93530077,1.4496701,0.03090814,0.027818704,0.026003832,0.021936854,0.021797938
Urban,Black tar paper,0.940517275,0.937981055,0.937981055,0.947307851,0.950856868,305.73212,0.9331788,0.929038,0.92950165,0.9422459,0.9439253,1.4328446,0.031235723,0.028306944,0.02647666,0.022096097,0.021857845
Urban,Black Nextel Paint,0.97279356,0.967758516,0.967758516,0.970051801,0.971433496,306.63748,0.9426269,0.940252,0.9410725,0.9493854,0.9496497,1.4526031,0.031313468,0.028435742,0.02660998,0.022117626,0.021866556
Urban,Slate stone Shingle,0.812454591,0.685199962,0.685199962,0.887432781,0.920072891,308.02927,0.748206,0.659168,0.65892965,0.83479446,0.8893214,1.48445,0.026469441,0.02322468,0.021770146,0.02085176,0.021495476
Urban,Black gloss paint,0.95950574,0.948594683,0.948594683,0.947038455,0.949204878,305.8616,0.94638604,0.93748957,0.93787694,0.9389925,0.9412572,1.4343348,0.031497918,0.028465241,0.026626509,0.022033013,0.021782247
Urban,Flat Black Paint,0.955861186,0.957957523,0.957957523,0.944737508,0.934299155,304.96396,0.9666249,0.9647744,0.965382,0.94989467,0.94553876,1.4182667,0.03217448,0.029091729,0.027185569,0.022067213,0.021752173
Urban,Copper Metal,0.913889914,0.981639273,0.981639273,0.987636865,0.981749981,305.37466,0.9270265,0.97366226,0.97629523,0.9927752,0.974742,1.4034041,0.031136014,0.029327922,0.027503943,0.02293859,0.022387419
Urban,Flat Black Paint,0.939850213,0.938565339,0.938565339,0.920627188,0.918740668,304.3969,0.96318257,0.95639837,0.95615786,0.9365225,0.9353777,1.3979667,0.032353625,0.029012065,0.027107622,0.021934927,0.021605039
Urban,Pine Wood,0.969045636,0.973210538,0.973210538,0.916882521,0.9247521,304.6973,0.98744774,0.9836226,0.9833003,0.9336813,0.930696,1.3999982,0.033129793,0.029610554,0.027684852,0.021874761,0.021474298
Urban,Pine Wood,0.96944844,0.970483418,0.970483418,0.9263851,0.933142375,305.07388,0.97799456,0.9729968,0.9727883,0.93540853,0.93396974,1.4071615,0.032765053,0.02940473,0.02748397,0.02190667,0.021543134
Urban,Black unspecified rubber,0.921053368,0.890463687,0.890463687,0.919648614,0.923183701,305.24612,0.91814053,0.89384156,0.89354914,0.91777337,0.92872906,1.4137349,0.031088322,0.027874507,0.02603409,0.021930939,0.021765508
Urban,Reddish asphalt Shingle,0.975227728,0.931482635,0.931482635,0.957371507,0.96314969,307.1726,0.92361367,0.89724123,0.89746964,0.9237774,0.9357792,1.4474081,0.030960636,0.027870871,0.026046416,0.021953082,0.021786645
Urban,Construction Asphalt,0.937506113,0.944644372,0.944644372,0.966079517,0.965158945,306.09702,0.92392343,0.9281761,0.9291223,0.9539896,0.9529935,1.4435368,0.030941918,0.028192995,0.026392564,0.022197599,0.021966645
Urban,Asphalt Shingle,0.982859204,0.957220695,0.957220695,0.962270593,0.965512506,306.8509,0.9420107,0.92693204,0.92738426,0.9362432,0.94177157,1.4515076,0.03133239,0.028294915,0.026470207,0.02199539,0.021779707
Urban,White rubberized coating,0.964791329,0.962172981,0.962172981,0.969514014,0.972436505,306.61188,0.9360834,0.9351751,0.9359897,0.94970787,0.95021546,1.4508908,0.031187246,0.02834567,0.026517564,0.022139179,0.021893576
Urban,Construction Tar,0.959450553,0.956113538,0.956113538,0.958056106,0.959856848,306.1206,0.942064,0.93931013,0.9399012,0.94632435,0.9467213,1.442603,0.03135792,0.028418824,0.026581911,0.02208891,0.021840397
Urban,Construction Concrete,0.918063946,0.925923592,0.925923592,0.95965303,0.958855587,305.8235,0.91159374,0.91582435,0.91672593,0.9514544,0.9517814,1.4353206,0.030728629,0.028008379,0.026200464,0.022217315,0.02200462
Urban,Weathered Red Brick,0.961829499,0.920003917,0.920003917,0.970170511,0.980334008,307.81198,0.89787734,0.8741946,0.8746532,0.926165,0.940179,1.461292,0.03036257,0.027490305,0.025709921,0.022003379,0.021898473
Urban,Olive green paint,0.959932889,0.946252522,0.946252522,0.946147743,0.95042385,305.97,0.9436796,0.9328732,0.9331833,0.93667674,0.94006103,1.4333615,0.031465355,0.028380284,0.026547102,0.022015458,0.02177848
Urban,Galvanized Steel Metal,0.952682081,0.95213679,0.95213679,0.956961366,0.957110864,305.9387,0.9401316,0.93884486,0.93952423,0.947605,0.9474912,1.4367965,0.03129936,0.028393157,0.02656598,0.02211963,0.021861646
Urban,Construction  Concrete,0.865095345,0.853388296,0.853388296,0.95004879,0.957461498,306.2395,0.8472877,0.8383706,0.83896846,0.9318041,0.9439042,1.4401336,0.029463701,0.02684484,0.025083035,0.022201434,0.022145577
Urban,Construction Asphalt,0.927089759,0.927442109,0.927442109,0.956744457,0.957373253,305.9391,0.91600597,0.91503173,0.91571176,0.946529,0.94847697,1.4382461,0.030821826,0.028022958,0.026219022,0.022152854,0.021954566
Urban,Olive green gloss paint,0.955232976,0.950737338,0.950737338,0.926822833,0.92678569,304.83875,0.9675026,0.95946413,0.9592477,0.93626076,0.9355626,1.4075975,0.032435764,0.02905432,0.027146565,0.021934688,0.02159873
Urban,Black gloss paint,0.956481135,0.946024482,0.946024482,0.939553159,0.938785557,305.42874,0.9532652,0.9436269,0.9438981,0.93788004,0.93932635,1.4246943,0.03167538,0.02853658,0.026681071,0.022009103,0.02174285
Urban,White Marble,0.935200393,0.929960617,0.929960617,0.941477636,0.909602363,303.8534,0.9664064,0.9596589,0.96034855,0.9542543,0.9485933,1.3888578,0.032050103,0.028883131,0.027010193,0.022074109,0.02174907
Urban,Construction Concrete,0.889964133,0.841232846,0.841232846,0.924086591,0.933277257,306.11984,0.8681884,0.8304229,0.83020914,0.90588063,0.9265885,1.4422145,0.02965793,0.026446063,0.024684772,0.021698171,0.021779148
Urban,Bare Red Brick,0.957576656,0.909460109,0.909460109,0.968540542,0.979086167,307.95093,0.89121443,0.8622368,0.8630376,0.921911,0.93846124,1.4707425,0.03018116,0.027308244,0.025529789,0.021986123,0.02189961
Urban,Black paint,0.958426508,0.948134111,0.948134111,0.946286612,0.948291639,305.80902,0.9466104,0.93790144,0.9382459,0.93909526,0.9411888,1.4308748,0.03151199,0.028437639,0.026594298,0.022028163,0.021777613
Urban,White fiberglass unspecified rubber,0.948589899,0.946923854,0.946923854,0.960014169,0.962214263,306.18137,0.9310373,0.9291786,0.92986965,0.9471031,0.94811016,1.443055,0.031118102,0.028254196,0.026429122,0.022129202,0.021894163
Urban,Copper Metal,0.964357791,0.966837444,0.966837444,0.957985389,0.963798213,306.1557,0.9480976,0.9482382,0.9488932,0.9483125,0.9472457,1.4404926,0.031496074,0.028567264,0.026731187,0.022114197,0.02183565
Urban,Black gloss paint,0.955471584,0.945108055,0.945108055,0.92041375,0.910984532,304.23755,0.9789024,0.96642715,0.96633804,0.9353893,0.93364614,1.3944634,0.032677013,0.029168628,0.027249243,0.021847336,0.021518175
Urban,Glossy Black Paint,0.953791628,0.95295244,0.95295244,0.872437316,0.927065858,305.43387,0.9605045,0.9465869,0.9448516,0.8931243,0.9029001,1.4067413,0.033183478,0.029292654,0.027329061,0.021636117,0.021304483
Urban,Douglas Fir,0.972431991,0.973200963,0.971347406,0.930965823,0.94110487,305.44653,0.9717254,0.96733993,0.9668078,0.9348791,0.9342855,1.4204466,0.032612663,0.029278701,0.027367286,0.02190412,0.02155804
Urban,Emissivity of Asphalt ,0.97461456,0.969820192,0.966714182,0.970460049,0.970832513,306.63974,0.94358426,0.9406322,0.9409271,0.9491555,0.94968617,1.4508799,0.031301863,0.02842643,0.026605861,0.02209929,0.02185743
Urban,Cobblestone Pavement (Grey),0.927752854,0.942636419,0.944052614,0.964526671,0.961615055,305.7608,0.92428476,0.9334513,0.9347379,0.95860094,0.95522946,1.4367905,0.030949524,0.028246861,0.026435364,0.022242364,0.021994988
Urban,Cobblestone Pavement (Red),0.931712258,0.944320716,0.944613907,0.964695838,0.96383326,305.91617,0.92406005,0.9313658,0.93239135,0.95643574,0.9541289,1.4413518,0.030946802,0.028229088,0.026421158,0.022220286,0.021976935
Urban,Tan Brick,0.917517974,0.930422893,0.932162912,0.967653367,0.970733269,306.1706,0.90519,0.9135031,0.91485494,0.95570034,0.955096,1.4465138,0.030560905,0.02796457,0.02618137,0.02226561,0.022056993
Urban,Atkinson California Common Red Brick,0.958790058,0.935683842,0.910750062,0.932223172,0.945297318,306.35684,0.9289194,0.9044546,0.89806414,0.9142596,0.9289879,1.4417939,0.031276803,0.027998153,0.026160887,0.021877825,0.021704704
Urban,Atkinson Oversize Commercial Red Brick,0.950264343,0.926541491,0.896016703,0.922863769,0.934028278,305.97235,0.92886657,0.9008778,0.89281094,0.9097826,0.9261379,1.4337562,0.03133088,0.027763972,0.025890762,0.021626068,0.021529725
Urban,Clay Brick (Common),0.957187721,0.939705014,0.903964881,0.942426277,0.95921354,306.95142,0.914811,0.89301986,0.88408744,0.91532815,0.93232906,1.4538741,0.030878661,0.027573857,0.025724206,0.021739883,0.02167497
Urban,Atkinson California Common Brick Oversize,0.962694694,0.952328705,0.939269122,0.946877984,0.952471764,306.1528,0.94094646,0.92854345,0.92668605,0.9334185,0.9391059,1.436419,0.031395994,0.028311118,0.0264609,0.021994064,0.021774711
Urban,Brick Clay (Rustic),0.949395946,0.96393394,0.963733273,0.97163048,0.970351452,306.16144,0.93588704,0.9453454,0.94641906,0.9600848,0.9560675,1.4462762,0.03115975,0.028414115,0.026598318,0.022233123,0.02195809
Urban,True Cast Concrete Brick (Grey),0.934225707,0.947540119,0.951832531,0.966648169,0.963424246,305.82986,0.9287626,0.93821436,0.93996286,0.95979923,0.955727,1.4412327,0.03103658,0.028306225,0.02647529,0.02223856,0.021984354
Urban,Masonry m.cap Red,0.964106812,0.943280293,0.911528877,0.949714305,0.952509494,306.63632,0.9252487,0.9030849,0.89801043,0.9226733,0.9357561,1.4437807,0.03104591,0.027905818,0.026092745,0.021919286,0.021765066
Urban,Masonry m.cap-Tan,0.913792203,0.93079636,0.941796098,0.970975976,0.973449662,306.06937,0.9061927,0.92033464,0.92333835,0.9623955,0.9585639,1.4429479,0.030587936,0.028044164,0.026269738,0.02233502,0.022106541
Urban,Masonry m.cap-Natural,0.910583133,0.933035648,0.945100468,0.967578631,0.965776502,305.60928,0.9145014,0.93134785,0.93454355,0.9661472,0.9599584,1.4381224,0.030757202,0.028204143,0.02639977,0.022334827,0.022085624
Urban,A001,0.941689326,0.951518653,0.951518653,0.964920704,0.958879817,305.79205,0.93523985,0.9413936,0.94237006,0.957119,0.95386696,1.4382458,0.031162176,0.028371267,0.026541313,0.022192191,0.021936141
Urban,A004,0.889873707,0.905623282,0.905623282,0.949981065,0.95592818,305.5046,0.8939101,0.9009237,0.9017118,0.9495311,0.9505726,1.4306254,0.030457677,0.027785718,0.025989665,0.022250736,0.022058899
Urban,A005,0.893587934,0.886133608,0.886133608,0.938358307,0.946500646,305.66403,0.8885235,0.8802034,0.8804968,0.93279624,0.9406767,1.4297171,0.030380948,0.027587693,0.02578811,0.02213367,0.021979561
Urban,A006,0.827926438,0.825087844,0.825087844,0.922622853,0.93751435,305.27118,0.83414286,0.8271539,0.8272564,0.9237841,0.93727374,1.4297649,0.029091805,0.026632698,0.02491328,0.022199975,0.022173332
Urban,A008,0.929292357,0.942421286,0.942421286,0.948270117,0.945056754,305.13678,0.93923366,0.9448407,0.94555235,0.95297116,0.94948274,1.4254091,0.0313265,0.0284499,0.02660837,0.022167115,0.021887116
Urban,A009,0.948444149,0.95141132,0.95141132,0.952443254,0.94412302,305.3441,0.95001864,0.95051634,0.9512365,0.95084566,0.94822055,1.4307657,0.03149496,0.0285521,0.026716165,0.02211451,0.021833181
Urban,A010,0.957168289,0.960567521,0.960567521,0.958990943,0.950387445,305.59573,0.95262617,0.95427173,0.955094,0.95338637,0.9500915,1.4342574,0.031531896,0.028581105,0.026735678,0.02212679,0.021842195
Urban,B001,0.849201841,0.900128273,0.900128273,0.964063771,0.95926369,304.75317,0.8736325,0.9087341,0.90999746,0.9752611,0.96663994,1.4207296,0.029970098,0.028129743,0.026312253,0.022905542,0.022530625
Urban,B002,0.871578758,0.884022172,0.884022172,0.948725574,0.954643234,305.5238,0.8743371,0.87967414,0.88047427,0.9462694,0.9499066,1.43188,0.030048737,0.02746128,0.025678292,0.02226188,0.022105796
Urban,B003,0.891917642,0.933732311,0.933732311,0.945579663,0.944967266,304.4548,0.9243278,0.94858813,0.9495802,0.9656234,0.9568305,1.4156369,0.031262264,0.028891746,0.027034849,0.022527331,0.022126505
Urban,B004,0.937906825,0.867191498,0.867191498,0.904634835,0.928055753,306.5534,0.9005962,0.8472579,0.8466797,0.88356173,0.9094145,1.4467258,0.030701503,0.026812613,0.025028164,0.021385761,0.021431966
Urban,B006,0.750686195,0.75650199,0.75650199,0.923573125,0.93537654,305.0636,0.7628207,0.7636818,0.7647827,0.92360616,0.9391259,1.4348453,0.027507046,0.025466554,0.02384426,0.02248751,0.022536408
Urban,B007,0.833681831,0.869996281,0.869996281,0.958740894,0.957945773,305.06915,0.8487506,0.87370473,0.8748684,0.96282244,0.9607686,1.4252293,0.02935909,0.02741531,0.025651017,0.022779975,0.022525933
Urban,B008,0.939900597,0.898697123,0.898697123,0.934420416,0.947969357,306.49527,0.906466,0.87833023,0.8781328,0.91411203,0.92897034,1.4361467,0.030786445,0.027663806,0.025854405,0.021933887,0.021799257
Urban,B009,0.900237419,0.920880066,0.920880066,0.954901205,0.959069515,305.51385,0.9046042,0.9153865,0.9163102,0.95496464,0.95339805,1.4334916,0.030641897,0.027981916,0.026177017,0.022263758,0.022049386
Urban,B010,0.925657357,0.934281408,0.934281408,0.937165444,0.936074433,304.8754,0.94099516,0.9423218,0.94275796,0.94641083,0.94454646,1.4169827,0.031445716,0.028466308,0.026622415,0.02210753,0.021846458
Urban,B011,0.903432659,0.917024995,0.917024995,0.959561987,0.962376933,305.83142,0.8989056,0.90628695,0.9072339,0.95280427,0.9531692,1.4373026,0.030484483,0.027861644,0.02605824,0.022257114,0.0220558
Urban,B012,0.924086615,0.923813584,0.923813584,0.95034832,0.955422779,305.8679,0.91525936,0.9130257,0.9135834,0.9427592,0.9457498,1.4330097,0.03084924,0.028017355,0.02619997,0.022136444,0.02193528
Urban,B013,0.90442728,0.905099564,0.905099564,0.954828669,0.956788174,305.90222,0.8950058,0.8940477,0.89476573,0.94434196,0.94851494,1.4352187,0.03042874,0.027714655,0.02591331,0.022198955,0.022027155
Urban,B014,0.924466085,0.938780198,0.938780198,0.962839536,0.963915338,305.89093,0.91824144,0.92663467,0.9276222,0.95568275,0.95385176,1.4387473,0.030846158,0.02817231,0.026361758,0.022239884,0.02200083
Urban,C001,0.903288526,0.928598028,0.928598028,0.952576987,0.922393801,303.69128,0.9457554,0.96209145,0.9632336,0.97323924,0.9614052,1.389951,0.031550646,0.02898108,0.027118335,0.022442266,0.022038104
Urban,C002,0.834212001,0.823144244,0.823144244,0.941715893,0.947009691,305.7906,0.82644,0.81699985,0.8174728,0.9294908,0.94299424,1.4399004,0.028668353,0.026289616,0.024590468,0.022251412,0.022249335
Urban,C003,0.894168737,0.882982497,0.882982497,0.936998205,0.939405794,305.45782,0.89193255,0.88158387,0.8818455,0.9322296,0.9402018,1.4241133,0.030458756,0.027592048,0.025776057,0.022114411,0.021954989
Urban,C004,0.900839611,0.932589735,0.932589735,0.959993266,0.954411993,305.0956,0.9167775,0.93514025,0.936337,0.96576875,0.95923746,1.4280897,0.030811468,0.028255334,0.02644564,0.022334995,0.022076447
Urban,C006,0.919198396,0.93895768,0.93895768,0.953177198,0.95158074,305.24768,0.92851114,0.9386314,0.9394943,0.95687544,0.95281786,1.4292113,0.031103116,0.028338706,0.026501099,0.022231875,0.0219685
Urban,C008,0.929357121,0.932054792,0.932054792,0.955728402,0.955762238,305.81387,0.92166376,0.92183447,0.92256254,0.9479217,0.94875026,1.4324491,0.030941209,0.02812599,0.026318656,0.022162896,0.02193504
Urban,G001,0.861914446,0.864066993,0.864066993,0.930131931,0.932492023,304.84882,0.87671226,0.87337744,0.87372065,0.9359897,0.94235927,1.4180285,0.0302052,0.027445542,0.025640035,0.022180663,0.022037
Urban,G002,0.890671224,0.898497227,0.898497227,0.934035559,0.950583487,305.3671,0.8955893,0.8957529,0.8965195,0.93790007,0.94299537,1.422496,0.030644743,0.027842093,0.026022896,0.022139749,0.021965457
Urban,G003,0.816595858,0.790609247,0.790609247,0.907538396,0.933253169,305.79092,0.80899215,0.78537345,0.7853356,0.899932,0.9226865,1.4437447,0.02851019,0.025786735,0.0240951,0.0219302,0.022052936
Urban,G004,0.887300879,0.888991233,0.888991233,0.935679976,0.935489442,304.99402,0.8985341,0.89538217,0.8961325,0.93908095,0.94363356,1.4178084,0.030615486,0.027806122,0.025981924,0.022150978,0.021968005
Urban,G005,0.852621731,0.828790375,0.828790375,0.901788967,0.933679159,305.78983,0.84569055,0.82387644,0.82394844,0.8988362,0.91916174,1.4385104,0.029523369,0.026523437,0.0247716,0.02189807,0.021923568
Urban,L001d,0.879421075,0.829056575,0.829056575,0.907382772,0.927501395,306.03656,0.8605112,0.81974316,0.81915444,0.89392376,0.91787565,1.4390476,0.029649934,0.026295317,0.024544423,0.021620633,0.021708248
Urban,L001u,0.917230591,0.89287146,0.89287146,0.925473359,0.935983555,305.62167,0.9082561,0.88790673,0.88773394,0.92015165,0.93144214,1.4238381,0.03088011,0.027796425,0.02596872,0.021982098,0.021821538
Urban,L002,0.941098801,0.932657329,0.932657329,0.943778174,0.947649097,305.7298,0.93231845,0.92419606,0.9245315,0.93787396,0.94120747,1.4314919,0.031236798,0.02824411,0.02640064,0.02205229,0.021828966
Urban,L003,0.955292593,0.954378548,0.954378548,0.94607313,0.950823715,305.70047,0.9486402,0.9455413,0.94592476,0.94318473,0.9431834,1.4294376,0.031571906,0.028534796,0.026698133,0.022073044,0.021796169
Urban,R001,0.929678594,0.835677356,0.835677356,0.950076552,0.951206896,307.84583,0.8614705,0.79796773,0.7989089,0.89627767,0.92655134,1.4722208,0.029001195,0.02561119,0.02394898,0.02139018,0.02163852
Urban,R003,0.877447105,0.830474408,0.830474408,0.923696565,0.94059555,306.46896,0.84997463,0.8135772,0.81346357,0.9020236,0.92504585,1.4480425,0.029256102,0.026173463,0.024427831,0.021728734,0.021839593
Urban,R004,0.920263788,0.836471983,0.836471983,0.933259818,0.948928603,307.63953,0.8595509,0.80118966,0.8011919,0.8890725,0.9193411,1.4680681,0.029247914,0.025766216,0.024088586,0.021411525,0.021616643
Urban,R005,0.967246332,0.949633114,0.949633114,0.957153496,0.957195339,306.34274,0.9408887,0.9294048,0.92990637,0.9392535,0.9429543,1.4413508,0.03132803,0.028308215,0.02647103,0.022029534,0.021803439
Urban,R006,0.879138138,0.911317431,0.911317431,0.950185416,0.955852108,305.10938,0.895887,0.91329455,0.91432095,0.9583836,0.9551973,1.4270886,0.03050807,0.027954528,0.026127428,0.022329535,0.022102369
Urban,R007,0.9676408,0.885635901,0.885635901,0.921715236,0.924795023,306.5066,0.9262622,0.8682445,0.8679457,0.8946709,0.91681975,1.4409863,0.031052237,0.02708469,0.025256237,0.021335607,0.021373326
Urban,R008,0.892444529,0.9267862,0.9267862,0.956571621,0.958754867,305.20468,0.90751296,0.9267382,0.92784226,0.9632135,0.95783633,1.4318333,0.030689351,0.028120412,0.026308341,0.022347717,0.022095563
Urban,R009,0.856097494,0.849101649,0.849101649,0.946070951,0.954960948,306.02692,0.8438838,0.8375564,0.8382314,0.93233204,0.943845,1.4356611,0.029462466,0.026840964,0.025081983,0.022219893,0.02214406
Urban,R010,0.94822251,0.919221777,0.919221777,0.950190662,0.956127706,306.55002,0.9155295,0.89660203,0.8968409,0.9282483,0.93792933,1.4427544,0.030871054,0.027840057,0.026008727,0.022008805,0.021844298
Urban,R012,0.940663179,0.92939143,0.92939143,0.951337694,0.955388041,306.1102,0.9224584,0.91405094,0.9144773,0.9382978,0.9429764,1.4351128,0.030992769,0.028073927,0.02623791,0.022073818,0.021880185
Urban,R013,0.954617505,0.908423126,0.908423126,0.942449859,0.955152515,306.90396,0.9103506,0.87957764,0.8796126,0.914256,0.93011314,1.4419758,0.030809015,0.027679274,0.025862748,0.02190243,0.021782635
Urban,S002,0.902400803,0.921518863,0.921518863,0.943974053,0.943602683,304.93097,0.9195373,0.9282562,0.92895854,0.9525687,0.9501134,1.4217749,0.030969825,0.028203275,0.026385201,0.022215022,0.021966431
Urban,S003,0.86141816,0.866758606,0.866758606,0.941234049,0.951142108,305.559,0.8625418,0.86251956,0.86302876,0.93800074,0.9452266,1.4279739,0.029854236,0.027243154,0.025455318,0.022226872,0.022115758
Urban,S004,0.897298902,0.93193978,0.93193978,0.921683326,0.897051361,302.4376,0.97155964,0.98938954,0.989835,0.9660917,0.951332,1.347361,0.0325126,0.029612284,0.027700417,0.022270354,0.021811482
Urban,S005,0.841721481,0.857453855,0.857453855,0.931258456,0.934655188,304.61703,0.8652076,0.87039983,0.8710029,0.9424349,0.9464864,1.415158,0.029990727,0.027360419,0.025566231,0.022268392,0.022127332
Urban,V001,0.95768954,0.944597709,0.944597709,0.943048687,0.944969167,305.7445,0.94686216,0.9359472,0.9362097,0.93669593,0.93956405,1.4277387,0.031524204,0.028433371,0.02658692,0.022010174,0.021768028
Urban,V002,0.924031249,0.920162361,0.920162361,0.933432567,0.940281213,305.32388,0.92666453,0.9197908,0.9200018,0.9355351,0.93911844,1.4220525,0.031197527,0.02817843,0.02633957,0.022065297,0.021838197
Urban,V003,0.921667114,0.925725185,0.925725185,0.930445844,0.942020934,305.19705,0.9294851,0.92661154,0.92678785,0.93749404,0.9395782,1.4209774,0.03129979,0.02829751,0.026458628,0.022092942,0.021844119
Urban,V004,0.954024974,0.934644178,0.934644178,0.938333787,0.945838835,305.91748,0.93814045,0.9230866,0.9231907,0.9298695,0.9358338,1.4278092,0.031409673,0.028272929,0.026420197,0.021986596,0.021756597
Urban,V005,0.939625057,0.938274348,0.938274348,0.942138323,0.948434241,305.60785,0.93599874,0.93156666,0.9319058,0.94058317,0.94219065,1.429319,0.03133394,0.028364083,0.026511936,0.022073828,0.021831179
Urban,V006,0.963005928,0.932393839,0.932393839,0.942833455,0.9440238,306.09305,0.93884176,0.91821206,0.91828793,0.9274802,0.93516,1.4327289,0.031363912,0.028197132,0.026353005,0.021938488,0.021739064
Urban,X001,0.840661038,0.833641154,0.833641154,0.936543412,0.943075538,305.52225,0.83930635,0.8315383,0.8318877,0.9295272,0.94203836,1.4338038,0.029068377,0.026646081,0.024936412,0.022206439,0.022201443
Urban,X002,0.954726332,0.961034654,0.961034654,0.960794809,0.958035949,305.85178,0.946267,0.94953305,0.9503422,0.9535066,0.9506471,1.4372747,0.03139232,0.028520392,0.026678495,0.02213917,0.021866806
Urban,X003,0.961856611,0.95957897,0.95957897,0.969305169,0.960698364,306.15564,0.94322175,0.942851,0.9437646,0.9534949,0.95194256,1.4423699,0.03126908,0.028415406,0.026606351,0.022146126,0.021886757
Urban,Z003,0.974523091,0.952245729,0.952245729,0.907947237,0.950219969,306.64807,0.944961,0.9229504,0.9221557,0.9006851,0.91380125,1.4434558,0.032306135,0.028573234,0.026665684,0.02164708,0.02140805
Urban,Z004,0.952618786,0.942608326,0.942608326,0.918437686,0.953640632,306.3675,0.9350207,0.9221781,0.92210716,0.9167442,0.9238566,1.4352453,0.031698294,0.028406424,0.026530016,0.021925373,0.021688828
Urban,Z005,0.957019872,0.945653234,0.945653234,0.900054121,0.94874068,306.35907,0.9370186,0.9206598,0.9197338,0.89992267,0.91250116,1.436041,0.032256786,0.028593352,0.026686668,0.02172912,0.021471715
Urban,Z007,0.910784637,0.906623234,0.906623234,0.906976516,0.900522381,303.6719,0.94987667,0.9394565,0.9395843,0.93145233,0.93243045,1.3902602,0.031752724,0.028553829,0.026688464,0.021973396,0.021708522
Urban,Z008,0.966346079,0.960493833,0.960493833,0.96346071,0.967045222,306.47668,0.9403,0.93634754,0.93697107,0.94621366,0.9473691,1.4469706,0.031286098,0.028372958,0.026539383,0.022088863,0.021851268
